,Trek,Cost,Time,Trip Grade,Max Altitude,Accomodation,Best Travel Time,Date of Travel,Sex,Age,Employment Type,GraduateOrNot,AnnualIncome,FamilyMembers,ChronicDiseases,FrequentFlyer,EverTravelledAbroad,TravelInsurance,Year,Regional code,Country,Cluster,AnnualIncome_scaled,Cost_scaled,Time_MaxAltitude,Log_AnnualIncome,Log_MaxAltitude
0,Annapurna Base Camp Heli Trek,1750,9,1,4210.0,Teahouse,Spring/Autumn,2023-08-07,3,27,0,1,1050000,3,0,0,0,0,2017,3980,Kazakhstan,1,0.2774691657880846,0.6709909111874319,37890.0,13.864301674514206,8.345455428161928
1,Annapurna Base Camp Heli Trek,1750,9,1,4210.0,Teahouse,Spring/Autumn,2023-05-27,3,28,0,1,300000,6,0,0,0,0,2017,7050,Slovenia,1,-1.7408503041481982,0.6709909111874319,37890.0,12.611541086966115,8.345455428161928
2,Annapurna Base Camp Heli Trek,1750,9,1,4210.0,Teahouse,Spring/Autumn,2022-05-07,2,29,1,1,600000,3,1,0,0,0,2016,1520,Chile,1,-0.933522516173685,0.6709909111874319,37890.0,13.304686600863562,8.345455428161928
3,Annapurna Base Camp Heli Trek,1750,9,1,4210.0,Teahouse,Spring/Autumn,2022-10-07,0,28,1,1,1150000,4,1,0,0,0,2017,560,Belgium,1,0.5465784284462557,0.6709909111874319,37890.0,13.955273369904273,8.345455428161928
4,Annapurna Base Camp Heli Trek,1750,9,1,4210.0,Teahouse,Spring/Autumn,2022-06-24,2,32,0,1,850000,7,0,0,0,0,2016,4540,Malawi,1,-0.26074935952825745,0.6709909111874319,37890.0,13.652992804936396,8.345455428161928
5,Annapurna Base Camp Short Trek,1090,11,1,4210.0,Teahouse,Spring/Autumn,2023-06-04,3,34,1,1,1050000,5,1,0,0,0,2017,3840,Court Jiboire,1,0.2774691657880846,-0.6897786567006804,46310.0,13.864301674514206,8.345455428161928
6,Annapurna Base Camp Short Trek,1090,11,1,4210.0,Teahouse,Spring/Autumn,2023-05-19,0,34,1,1,500000,7,0,0,0,1,2017,7030,Slovakia,1,-1.2026317788318561,-0.6897786567006804,46310.0,13.122365377402328,8.345455428161928
7,Annapurna Base Camp Short Trek,1090,11,1,4210.0,Teahouse,Spring/Autumn,2020-10-04,1,30,1,0,550000,8,0,0,0,0,2016,4461,Macau travel certificate,1,-1.0680771475027706,-0.6897786567006804,46310.0,13.217675375388819,8.345455428161928
8,Annapurna Base Camp Short Trek,1090,11,1,4210.0,Teahouse,Spring/Autumn,2021-05-10,2,26,1,1,1500000,5,0,1,1,1,2016,1440,Sri Lanka,1,1.4884608477498542,-0.6897786567006804,46310.0,14.220976332738882,8.345455428161928
9,Annapurna Base Camp Short Trek,1090,11,1,4210.0,Teahouse,Spring/Autumn,2022-03-17,0,31,0,1,400000,3,0,0,0,0,2017,510,Armenia,1,-1.4717410414900272,-0.6897786567006804,46310.0,12.899222326086994,8.345455428161928
10,Annapurna Base Camp Trek,1090,14,2,4210.0,Guesthouse,Spring/Autumn,2022-07-29,3,28,0,1,300000,6,0,0,0,0,2017,3800,Italy,1,-1.7408503041481982,-0.6897786567006804,58940.0,12.611541086966115,8.345455428161928
11,Annapurna Base Camp Trek,1090,16,2,4130.0,Guesthouse,Spring/Autumn/Winter,2023-04-21,0,31,0,0,300000,3,0,0,0,0,2016,4280,Latvia,1,-1.7408503041481982,-0.6897786567006804,66080.0,12.611541086966115,8.326274787396764
12,Annapurna Base Camp Trek,1090,14,2,4210.0,Guesthouse,Spring/Autumn,2023-07-12,2,30,1,0,550000,4,0,0,0,0,2016,1400,Central Africa,1,-1.0680771475027706,-0.6897786567006804,58940.0,13.217675375388819,8.345455428161928
13,Annapurna Base Camp Trek,1090,14,2,4210.0,Guesthouse,Spring/Autumn,2020-12-03,2,31,0,1,1500000,6,0,1,1,1,2017,500,Bangladesh,1,1.4884608477498542,-0.6897786567006804,58940.0,14.220976332738882,8.345455428161928
14,Annapurna Base Camp Trek,1090,16,2,4130.0,Guesthouse,Spring/Autumn/Winter,2022-09-01,0,27,1,0,1550000,4,0,1,0,1,2016,7560,Switzerland,1,1.6230154790789397,-0.6897786567006804,66080.0,14.253766134056512,8.326274787396764
15,Annapurna Base Camp Trek,1090,14,2,4210.0,Guesthouse,Spring/Autumn,2023-07-30,2,34,1,0,1400000,3,1,0,1,1,2017,7020,Singapore,1,1.2193515850916832,-0.6897786567006804,58940.0,14.151983508870947,8.345455428161928
16,Annapurna Base Camp Trek,1090,16,2,4130.0,Guesthouse,Spring/Autumn/Winter,2021-05-19,3,34,1,1,1300000,6,0,0,0,1,2017,6780,Santa Principa,1,0.9502423224335123,-0.6897786567006804,66080.0,14.077875591662238,8.326274787396764
17,Annapurna Base Camp Trek,1090,14,2,4210.0,Guesthouse,Spring/Autumn,2021-05-10,2,33,0,1,650000,4,0,0,0,1,2016,4460,Macau,1,-0.7989678848445995,-0.6897786567006804,58940.0,13.384729180332174,8.345455428161928
18,Annapurna Base Camp Trek,1090,16,2,4130.0,Guesthouse,Spring/Autumn/Winter,2021-08-25,1,25,1,0,1150000,8,0,0,0,0,2017,3560,India,1,0.5465784284462557,-0.6897786567006804,66080.0,13.955273369904273,8.326274787396764
19,Annapurna Base Camp Trek,1090,16,2,4130.0,Guesthouse,Spring/Autumn/Winter,2021-08-18,0,34,1,1,1000000,2,0,0,0,0,2016,1080,Brush,1,0.1429145344589991,-0.6897786567006804,66080.0,13.815511557963774,8.326274787396764
20,Annapurna Base Camp Trek ,1499,11,3,4130.0,Guesthouse,Spring/Autumn/Winter,2020-04-15,3,28,0,1,300000,4,0,0,0,1,2017,7980,Tsubaru,1,-1.7408503041481982,0.15348612097543765,45430.0,12.611541086966115,8.326274787396764
21,Annapurna Base Camp Trek ,1499,11,3,4130.0,Guesthouse,Spring/Autumn/Winter,2020-05-20,2,33,0,1,400000,3,1,0,0,1,2016,2320,Eritria,1,-1.4717410414900272,0.15348612097543765,45430.0,12.899222326086994,8.326274787396764
22,Annapurna Base Camp Trek ,1499,11,3,4130.0,Guesthouse,Spring/Autumn/Winter,2020-04-20,2,34,1,1,700000,4,0,0,0,0,2017,1560,China,1,-0.664413253515514,0.15348612097543765,45430.0,13.45883704259595,8.326274787396764
23,Annapurna Base Camp Trek ,1499,11,3,4130.0,Guesthouse,Spring/Autumn/Winter,2021-05-09,1,28,1,1,800000,5,0,0,0,0,2017,4620,Maldives,1,-0.39530399085734297,0.15348612097543765,45430.0,13.592368256649284,8.326274787396764
24,Annapurna Base Camp Trek ,1499,11,3,4130.0,Guesthouse,Spring/Autumn/Winter,2021-06-11,1,31,1,1,1400000,6,1,0,1,0,2016,5580,Nicaragua,1,1.2193515850916832,0.15348612097543765,45430.0,14.151983508870947,8.326274787396764
25,Annapurna Circle Trek ,1499,14,4,5416.0,Guesthouse,Spring/Autumn/Winter,2023-01-11,0,31,1,1,1250000,4,0,1,1,0,2017,2460,Finland,1,0.8156876911044267,0.15348612097543765,75824.0,14.038654909278163,8.597297435657898
26,Annapurna Circle Trek ,1499,14,4,5416.0,Guesthouse,Spring/Autumn/Winter,2021-12-23,1,26,1,1,1400000,4,0,0,1,1,2016,3480,Hungary,1,1.2193515850916832,0.15348612097543765,75824.0,14.151983508870947,8.597297435657898
27,Annapurna Circle Trek ,1499,14,4,5416.0,Guesthouse,Spring/Autumn/Winter,2022-03-23,1,28,1,1,600000,5,0,1,0,0,2017,5830,Micronesia,1,-0.933522516173685,0.15348612097543765,75824.0,13.304686600863562,8.597297435657898
28,Annapurna Circle Trek ,1499,14,4,5416.0,Guesthouse,Spring/Autumn/Winter,2022-06-16,3,29,1,1,1350000,4,0,0,1,1,2016,280,Antigua Berbuda,1,1.0847969537625977,0.15348612097543765,75824.0,14.115615891155079,8.597297435657898
29,Annapurna Circle Trek ,1499,14,4,5416.0,Guesthouse,Spring/Autumn/Winter,2023-05-06,0,34,1,1,1000000,4,0,0,0,0,2016,6700,St. Vincent,1,0.1429145344589991,0.15348612097543765,75824.0,13.815511557963774,8.597297435657898
30,Annapurna Circuit Short Trek,1250,12,5,5416.0,Guesthouse,Spring/Autumn,2020-12-23,1,26,1,1,1400000,5,0,0,1,1,2017,4140,Kuwait,1,1.2193515850916832,-0.35989512509144106,64992.0,14.151983508870947,8.597297435657898
31,Annapurna Circuit Short Trek,1250,12,5,5416.0,Guesthouse,Spring/Autumn,2020-08-06,2,29,1,1,350000,3,0,0,0,1,2017,760,Brazil,1,-1.6062956728191127,-0.35989512509144106,64992.0,12.765691290604371,8.597297435657898
32,Annapurna Circuit Short Trek,1250,12,5,5416.0,Guesthouse,Spring/Autumn,2022-02-09,2,25,1,0,600000,6,0,0,0,0,2017,7280,South Sudan,1,-0.933522516173685,-0.35989512509144106,64992.0,13.304686600863562,8.597297435657898
33,Annapurna Circuit Short Trek,1250,12,5,5416.0,Guesthouse,Spring/Autumn,2022-10-02,0,32,0,1,800000,6,0,0,0,1,2016,4780,Mauritania,1,-0.39530399085734297,-0.35989512509144106,64992.0,13.592368256649284,8.597297435657898
34,Annapurna Circuit Short Trek,1250,12,5,5416.0,Guesthouse,Spring/Autumn,2022-07-21,1,26,1,1,750000,6,0,0,0,0,2016,1780,Congo,1,-0.5298586221864284,-0.35989512509144106,64992.0,13.527829818844937,8.597297435657898
35,Annapurna Circuit Trek,1100,19,3,5416.0,Guesthouse,Spring/Autumn/Winter,2022-09-07,1,28,1,1,700000,4,0,1,0,0,2017,6740,Sun Marino,1,-0.664413253515514,-0.669160935975103,102904.0,13.45883704259595,8.597297435657898
36,Annapurna Circuit Trek,1100,19,3,5416.0,Guesthouse,Spring/Autumn/Winter,2020-12-19,0,31,0,1,1300000,4,0,0,0,0,2016,7520,Sweden,1,0.9502423224335123,-0.669160935975103,102904.0,14.077875591662238,8.597297435657898
37,Annapurna Circuit Trek,1250,14,2,5416.0,Teahouse,Spring/Autumn,2021-08-18,3,27,0,1,850000,7,1,0,0,0,2017,7240,Spain,1,-0.26074935952825745,-0.35989512509144106,75824.0,13.652992804936396,8.597297435657898
38,Annapurna Circuit Trek,1100,19,3,5416.0,Guesthouse,Spring/Autumn/Winter,2021-01-13,1,26,1,1,1300000,4,1,0,0,0,2017,3520,Iceland,1,0.9502423224335123,-0.669160935975103,102904.0,14.077875591662238,8.597297435657898
39,Annapurna Circuit Trek,1100,19,3,5416.0,Guesthouse,Spring/Autumn/Winter,2022-03-15,1,34,1,1,1000000,5,0,0,0,0,2016,1040,Myanmar,1,0.1429145344589991,-0.669160935975103,102904.0,13.815511557963774,8.597297435657898
40,Annapurna Circuit Trek,1250,14,2,5416.0,Teahouse,Spring/Autumn,2022-03-09,2,31,1,1,950000,5,1,0,0,0,2016,4700,Malta,1,0.008359903129913596,-0.35989512509144106,75824.0,13.76421831620775,8.597297435657898
41,Annapurna Circuit Trek,1250,14,2,5416.0,Teahouse,Spring/Autumn,2022-12-18,0,33,0,1,400000,4,0,0,0,0,2016,1740,Komoro,1,-1.4717410414900272,-0.35989512509144106,75824.0,12.899222326086994,8.597297435657898
42,Annapurna Circuit Trek,1250,14,2,5416.0,Teahouse,Spring/Autumn,2020-01-08,0,34,1,1,1300000,4,0,0,0,0,2017,4100,South Korea,1,0.9502423224335123,-0.35989512509144106,75824.0,14.077875591662238,8.597297435657898
43,Annapurna Circuit Trek,1250,14,2,5416.0,Teahouse,Spring/Autumn,2020-05-06,3,28,1,1,1150000,6,0,1,0,0,2017,720,Botwana,1,0.5465784284462557,-0.35989512509144106,75824.0,13.955273369904273,8.597297435657898
44,Annapurna Circuit Trek,1100,19,3,5416.0,Guesthouse,Spring/Autumn/Winter,2021-06-10,1,34,1,1,700000,6,0,0,0,1,2016,4260,Lesot,1,-0.664413253515514,-0.669160935975103,102904.0,13.45883704259595,8.597297435657898
45,Annapurna Circuit Trek with Tilicho Lake and Poon Hill ,1499,20,4,5416.0,Guesthouse,Spring/Autumn/Winter,2020-12-20,3,26,1,1,1400000,5,0,1,1,1,2016,440,Bahamas,3,1.2193515850916832,0.15348612097543765,108320.0,14.151983508870947,8.597297435657898
46,Annapurna Circuit Trek with Tilicho Lake and Poon Hill ,1499,20,4,5416.0,Guesthouse,Spring/Autumn/Winter,2022-07-26,1,29,1,1,1200000,4,0,0,0,0,2016,3680,Iraq,3,0.6811330597753412,0.15348612097543765,108320.0,13.997832948091215,8.597297435657898
47,Annapurna Circuit Trek with Tilicho Lake and Poon Hill ,1499,20,4,5416.0,Guesthouse,Spring/Autumn/Winter,2022-04-14,2,35,1,0,800000,7,1,0,0,1,2017,5980,Papua New Guinea,3,-0.39530399085734297,0.15348612097543765,108320.0,13.592368256649284,8.597297435657898
48,Annapurna Circuit Trek with Tilicho Lake and Poon Hill ,1499,20,4,5416.0,Guesthouse,Spring/Autumn/Winter,2021-10-29,1,26,1,1,600000,5,1,0,0,0,2017,2750,Palestine,3,-0.933522516173685,0.15348612097543765,108320.0,13.304686600863562,8.597297435657898
49,Annapurna Circuit Trek with Tilicho Lake and Poon Hill ,1499,20,4,5416.0,Guesthouse,Spring/Autumn/Winter,2023-05-11,0,29,1,1,1350000,4,0,0,1,1,2016,6880,Serbia,3,1.0847969537625977,0.15348612097543765,108320.0,14.115615891155079,8.597297435657898
50,Annapurna Circuit Trek ,1499,17,4,5416.0,Guesthouse,Spring/Autumn/Winter,2020-07-19,1,30,1,0,550000,7,0,1,0,0,2016,5830,Micronesia,1,-1.0680771475027706,0.15348612097543765,92072.0,13.217675375388819,8.597297435657898
51,Annapurna Circuit Trek ,1499,17,4,5416.0,Guesthouse,Spring/Autumn/Winter,2020-08-02,2,26,1,1,1400000,7,1,0,1,1,2017,8180,Egypt,1,1.2193515850916832,0.15348612097543765,92072.0,14.151983508870947,8.597297435657898
52,Annapurna Circuit Trek ,1499,17,4,5416.0,Guesthouse,Spring/Autumn/Winter,2022-05-10,0,29,1,1,900000,4,0,0,0,0,2017,4800,Mauritius,1,-0.1261947281991719,0.15348612097543765,92072.0,13.710151153416941,8.597297435657898
53,Annapurna Circuit Trek ,1499,17,4,5416.0,Guesthouse,Spring/Autumn/Winter,2021-03-27,2,35,1,0,800000,4,0,0,0,0,2016,2460,Finland,1,-0.39530399085734297,0.15348612097543765,92072.0,13.592368256649284,8.597297435657898
54,Annapurna Circuit Trek ,1499,17,4,5416.0,Guesthouse,Spring/Autumn/Winter,2020-07-15,2,33,1,1,550000,5,0,0,0,0,2017,1780,Congo,1,-1.0680771475027706,0.15348612097543765,92072.0,13.217675375388819,8.597297435657898
55,Annapurna Luxury Trek,1450,9,1,2012.0,Lodge,Spring/Autumn,2022-03-26,3,31,1,1,1350000,6,1,0,1,1,2017,7290,Sudan,1,1.0847969537625977,0.0524592894201081,18108.0,14.115615891155079,7.607381425639791
56,Annapurna Luxury Trek,1450,9,1,2012.0,Lodge,Spring/Autumn,2020-08-20,0,28,1,1,700000,4,0,0,0,0,2017,4170,Kyrgyzstan,1,-0.664413253515514,0.0524592894201081,18108.0,13.45883704259595,7.607381425639791
57,Annapurna Luxury Trek,1450,9,1,2012.0,Lodge,Spring/Autumn,2021-09-15,0,34,0,1,1100000,3,0,0,0,1,2016,4800,Mauritius,1,0.41202379711717013,0.0524592894201081,18108.0,13.910821646859095,7.607381425639791
58,Annapurna Luxury Trek,1450,9,1,2012.0,Lodge,Spring/Autumn,2022-04-05,0,27,0,1,500000,4,0,0,0,0,2016,1781,Zaire,1,-1.2026317788318561,0.0524592894201081,18108.0,13.122365377402328,7.607381425639791
59,Annapurna Luxury Trek,1450,9,1,2012.0,Lodge,Spring/Autumn,2021-06-18,3,31,1,1,1100000,4,0,0,0,0,2017,840,Belize,1,0.41202379711717013,0.0524592894201081,18108.0,13.910821646859095,7.607381425639791
60,Annapurna Panorama Trek,860,9,1,3210.0,Teahouse,Spring/Autumn/Winter,2021-08-01,0,28,0,1,600000,9,0,0,0,1,2017,900,Solomon,1,-0.933522516173685,-1.163986233388962,28890.0,13.304686600863562,8.074337694089515
61,Annapurna Panorama Trek,860,9,1,3210.0,Teahouse,Spring/Autumn/Winter,2022-09-19,3,28,1,1,900000,7,0,0,0,0,2017,7400,Slinum,1,-0.1261947281991719,-1.163986233388962,28890.0,13.710151153416941,8.074337694089515
62,Annapurna Panorama Trek,860,9,1,3210.0,Teahouse,Spring/Autumn/Winter,2022-03-27,0,29,1,1,350000,7,0,0,0,0,2017,4180,Laos,1,-1.6062956728191127,-1.163986233388962,28890.0,12.765691290604371,8.074337694089515
63,Annapurna Panorama Trek,860,9,1,3210.0,Teahouse,Spring/Autumn/Winter,2020-05-27,3,28,1,1,1150000,3,0,0,0,0,2016,1800,Congo Democratic Republic,1,0.5465784284462557,-1.163986233388962,28890.0,13.955273369904273,8.074337694089515
64,Annapurna Panorama Trek,860,9,1,3210.0,Teahouse,Spring/Autumn/Winter,2022-03-11,2,25,1,1,1700000,2,1,1,0,1,2016,4840,Mexico,1,2.0266793730661963,-1.163986233388962,28890.0,14.346139397261565,8.074337694089515
65,Annapurna Sanctuary Trek ,1499,14,3,4130.0,Guesthouse,Spring/Autumn/Winter,2023-04-22,1,25,1,1,1800000,7,1,1,0,1,2016,6160,Poland,1,2.2957886357243673,0.15348612097543765,57820.0,14.403297778421795,8.326274787396764
66,Annapurna Sanctuary Trek ,1499,14,3,4130.0,Guesthouse,Spring/Autumn/Winter,2020-01-24,0,31,1,1,1250000,3,1,0,0,0,2017,2120,Dominica,1,0.8156876911044267,0.15348612097543765,57820.0,14.038654909278163,8.326274787396764
67,Annapurna Sanctuary Trek ,1499,14,3,4130.0,Guesthouse,Spring/Autumn/Winter,2020-02-10,3,25,1,0,1350000,4,0,0,1,1,2017,8870,Yemen,1,1.0847969537625977,0.15348612097543765,57820.0,14.115615891155079,8.326274787396764
68,Annapurna Sanctuary Trek ,1499,14,3,4130.0,Guesthouse,Spring/Autumn/Winter,2020-04-11,3,28,1,1,700000,3,1,0,0,0,2016,3000,Greece,1,-0.664413253515514,0.15348612097543765,57820.0,13.45883704259595,8.326274787396764
69,Annapurna Sanctuary Trek ,1499,14,3,4130.0,Guesthouse,Spring/Autumn/Winter,2023-05-27,3,32,0,1,350000,4,1,0,0,0,2017,5160,Namibia,1,-1.6062956728191127,0.15348612097543765,57820.0,12.765691290604371,8.326274787396764
70,Annapurna Sunrise and Everest View Trek ,1499,17,2,3870.0,Guesthouse,Spring/Autumn/Winter,2022-02-01,1,35,1,0,800000,2,0,0,0,0,2016,680,Bolivia,2,-0.39530399085734297,0.15348612097543765,65790.0,13.592368256649284,8.261268150577648
71,Annapurna Sunrise and Everest View Trek ,1499,17,2,3870.0,Guesthouse,Spring/Autumn/Winter,2020-09-14,0,29,1,1,1200000,4,0,0,0,0,2016,4000,Jordan,2,0.6811330597753412,0.15348612097543765,65790.0,13.997832948091215,8.261268150577648
72,Annapurna Sunrise and Everest View Trek ,1499,17,2,3870.0,Guesthouse,Spring/Autumn/Winter,2022-06-30,0,30,1,0,750000,3,1,0,0,1,2017,6260,East Timor Democratic Republic,2,-0.5298586221864284,0.15348612097543765,65790.0,13.527829818844937,8.261268150577648
73,Annapurna Sunrise and Everest View Trek ,1499,17,2,3870.0,Guesthouse,Spring/Autumn/Winter,2020-01-30,2,35,1,0,800000,3,0,0,0,1,2016,7060,Somalia,2,-0.39530399085734297,0.15348612097543765,65790.0,13.592368256649284,8.261268150577648
74,Annapurna Sunrise and Everest View Trek ,1499,17,2,3870.0,Guesthouse,Spring/Autumn/Winter,2023-05-16,2,28,1,1,800000,6,1,1,0,0,2017,3240,Guinea,2,-0.39530399085734297,0.15348612097543765,65790.0,13.592368256649284,8.261268150577648
75,Annapurna Tilicho Lake Trek,1450,17,5,5416.0,Guesthouse,Spring/Autumn,2022-03-24,0,29,1,1,1100000,6,0,0,0,0,2017,4220,Lebanon,1,0.41202379711717013,0.0524592894201081,92072.0,13.910821646859095,8.597297435657898
76,Annapurna Tilicho Lake Trek,1450,17,5,5416.0,Guesthouse,Spring/Autumn,2020-12-12,3,35,1,0,800000,5,0,0,0,0,2016,4920,Monaco,1,-0.39530399085734297,0.0524592894201081,92072.0,13.592368256649284,8.597297435657898
77,Annapurna Tilicho Lake Trek,1450,17,5,5416.0,Guesthouse,Spring/Autumn,2023-04-11,0,31,0,0,350000,6,1,0,0,0,2016,1880,Costa Rica,1,-1.6062956728191127,0.0524592894201081,92072.0,12.765691290604371,8.597297435657898
78,Annapurna Tilicho Lake Trek,1450,17,5,5416.0,Guesthouse,Spring/Autumn,2020-06-12,0,31,0,1,1500000,7,0,1,1,0,2017,960,Brunei,1,1.4884608477498542,0.0524592894201081,92072.0,14.220976332738882,8.597297435657898
79,Annapurna Tilicho Lake Trek,1450,17,5,5416.0,Guesthouse,Spring/Autumn,2021-02-08,0,27,1,0,600000,8,0,0,0,0,2017,7480,Swaji Land,1,-0.933522516173685,0.0524592894201081,92072.0,13.304686600863562,8.597297435657898
80,Annapurna With Tilicho Lake Trek ,1499,17,4,5416.0,Guesthouse,Spring/Autumn/Winter,2022-11-01,0,28,1,1,700000,2,1,0,0,0,2016,6900,Saechel,1,-0.664413253515514,0.15348612097543765,92072.0,13.45883704259595,8.597297435657898
81,Annapurna With Tilicho Lake Trek ,1499,17,4,5416.0,Guesthouse,Spring/Autumn/Winter,2022-03-22,1,27,0,1,850000,5,1,0,1,0,2016,480,Barrane,1,-0.26074935952825745,0.15348612097543765,92072.0,13.652992804936396,8.597297435657898
82,Annapurna With Tilicho Lake Trek ,1499,17,4,5416.0,Guesthouse,Spring/Autumn/Winter,2023-06-24,3,28,1,1,550000,4,1,0,0,0,2017,6000,Paraguay,1,-1.0680771475027706,0.15348612097543765,92072.0,13.217675375388819,8.597297435657898
83,Annapurna With Tilicho Lake Trek ,1499,17,4,5416.0,Guesthouse,Spring/Autumn/Winter,2020-12-09,0,29,1,1,1100000,4,0,0,0,0,2016,3720,Ireland,1,0.41202379711717013,0.15348612097543765,92072.0,13.910821646859095,8.597297435657898
84,Annapurna With Tilicho Lake Trek ,1499,17,4,5416.0,Guesthouse,Spring/Autumn/Winter,2021-02-13,1,30,1,0,800000,6,0,1,0,0,2017,2760,Germany,1,-0.39530399085734297,0.15348612097543765,92072.0,13.592368256649284,8.597297435657898
85,Classic Annapurna Circuit Trek,1350,18,2,5416.0,Teahouse,Spring/Autumn,2021-09-26,2,33,0,1,700000,7,0,1,0,1,2017,4080,north korea,1,-0.664413253515514,-0.1537179178356665,97488.0,13.45883704259595,8.597297435657898
86,Classic Annapurna Circuit Trek,1350,18,2,5416.0,Teahouse,Spring/Autumn,2021-02-22,1,34,1,1,1500000,2,0,1,1,1,2017,700,Bosnia Herzegovna,1,1.4884608477498542,-0.1537179178356665,97488.0,14.220976332738882,8.597297435657898
87,Classic Annapurna Circuit Trek,1350,18,2,5416.0,Teahouse,Spring/Autumn,2021-01-27,1,35,1,0,800000,6,0,0,0,1,2016,1700,Columbia,1,-0.39530399085734297,-0.1537179178356665,97488.0,13.592368256649284,8.597297435657898
88,Classic Annapurna Circuit Trek,1350,18,2,5416.0,Teahouse,Spring/Autumn,2020-08-20,0,28,0,1,300000,4,0,0,0,0,2016,4660,Mari,1,-1.7408503041481982,-0.1537179178356665,97488.0,12.611541086966115,8.597297435657898
89,Classic Annapurna Circuit Trek,1350,18,2,5416.0,Teahouse,Spring/Autumn,2022-11-18,1,31,0,1,400000,3,0,0,0,0,2017,7160,Zimbabwe,1,-1.4717410414900272,-0.1537179178356665,97488.0,12.899222326086994,8.597297435657898
90,Everest Advanced Base Camp Trek from Tibet ,1499,18,3,6340.0,Guesthouse,Spring/Autumn/Winter,2021-08-19,3,34,1,0,1400000,5,1,0,1,1,2017,1920,Cuba,2,1.2193515850916832,0.15348612097543765,114120.0,14.151983508870947,8.754791763700032
91,Everest Advanced Base Camp Trek from Tibet ,1499,18,3,6340.0,Guesthouse,Spring/Autumn/Winter,2020-02-04,2,33,0,1,1100000,4,0,0,0,1,2016,2700,Gambia,2,0.41202379711717013,0.15348612097543765,114120.0,13.910821646859095,8.754791763700032
92,Everest Advanced Base Camp Trek from Tibet ,1499,18,3,6340.0,Guesthouse,Spring/Autumn/Winter,2020-09-13,0,34,1,0,1300000,5,1,0,0,0,2017,8540,Burkina Faso,2,0.9502423224335123,0.15348612097543765,114120.0,14.077875591662238,8.754791763700032
93,Everest Advanced Base Camp Trek from Tibet ,1499,18,3,6340.0,Guesthouse,Spring/Autumn/Winter,2023-03-28,3,28,1,1,550000,7,0,0,0,0,2016,5910,Panama,2,-1.0680771475027706,0.15348612097543765,114120.0,13.217675375388819,8.754791763700032
94,Everest Advanced Base Camp Trek from Tibet ,1499,18,3,6340.0,Guesthouse,Spring/Autumn/Winter,2022-06-28,3,31,1,1,500000,4,0,0,0,0,2017,4980,Moldoba,2,-1.2026317788318561,0.15348612097543765,114120.0,13.122365377402328,8.754791763700032
95,Everest Base Camp Heli Shuttle Trek,2000,12,2,5545.0,Guesthouse,Spring/Autumn,2021-01-25,1,34,1,1,500000,4,1,0,0,1,2017,80,Albania,2,-1.2026317788318561,1.1864339293268684,66540.0,13.122365377402328,8.620832226175724
96,Everest Base Camp Heli Trek,3600,9,2,5545.0,Guesthouse,Spring/Autumn/Winter,2022-01-15,2,28,1,1,1100000,6,1,0,0,0,2016,7480,Swaji Land,2,0.41202379711717013,4.485269245419262,49905.0,13.910821646859095,8.620832226175724
97,Everest Base Camp Heli Trek,3600,9,2,5545.0,Guesthouse,Spring/Autumn/Winter,2021-07-03,0,34,1,1,1300000,6,1,0,0,0,2016,1000,Bulgaria,2,0.9502423224335123,4.485269245419262,49905.0,14.077875591662238,8.620832226175724
98,Everest Base Camp Heli Trek,3300,11,2,5545.0,Guesthouse,Spring/Autumn,2022-01-28,2,28,1,1,700000,3,1,0,0,0,2017,120,Algeria,2,-0.664413253515514,3.866737623651938,60995.0,13.45883704259595,8.620832226175724
99,Everest Base Camp Heli Trek,3600,9,2,5545.0,Guesthouse,Spring/Autumn/Winter,2020-12-04,1,31,0,0,400000,5,1,0,0,0,2017,3480,Hungary,2,-1.4717410414900272,4.485269245419262,49905.0,12.899222326086994,8.620832226175724
100,Everest Base Camp Heli Trek,3600,9,2,5545.0,Guesthouse,Spring/Autumn/Winter,2021-10-28,1,25,1,0,600000,5,0,1,0,0,2017,6700,St. Vincent,2,-0.933522516173685,4.485269245419262,49905.0,13.304686600863562,8.620832226175724
101,Everest Base Camp Heli Trek,3600,9,2,5545.0,Guesthouse,Spring/Autumn/Winter,2022-02-17,1,27,0,1,850000,4,1,0,0,0,2016,4220,Lebanon,2,-0.26074935952825745,4.485269245419262,49905.0,13.652992804936396,8.620832226175724
102,Everest Base Camp Luxury Lodge Trek ,1499,15,4,5545.0,Guesthouse,Spring/Autumn/Winter,2023-04-02,2,29,1,1,350000,9,1,0,0,0,2016,2500,France,2,-1.6062956728191127,0.15348612097543765,83175.0,12.765691290604371,8.620832226175724
103,Everest Base Camp Luxury Lodge Trek ,1499,15,4,5545.0,Guesthouse,Spring/Autumn/Winter,2020-11-12,3,28,1,1,600000,3,0,0,0,0,2016,5840,Marshall,2,-0.933522516173685,0.15348612097543765,83175.0,13.304686600863562,8.620832226175724
104,Everest Base Camp Luxury Lodge Trek ,1499,15,4,5545.0,Guesthouse,Spring/Autumn/Winter,2020-01-03,0,28,1,1,1150000,5,0,0,0,1,2017,4840,Mexico,2,0.5465784284462557,0.15348612097543765,83175.0,13.955273369904273,8.620832226175724
105,Everest Base Camp Luxury Lodge Trek ,1499,15,4,5545.0,Guesthouse,Spring/Autumn/Winter,2020-03-12,1,27,0,1,900000,5,0,0,0,0,2017,8260,British,2,-0.1261947281991719,0.15348612097543765,83175.0,13.710151153416941,8.620832226175724
106,Everest Base Camp Luxury Lodge Trek ,1499,15,4,5545.0,Guesthouse,Spring/Autumn/Winter,2020-01-19,0,26,1,1,1500000,2,1,1,1,1,2017,1800,Congo Democratic Republic,2,1.4884608477498542,0.15348612097543765,83175.0,14.220976332738882,8.620832226175724
107,Everest Base Camp Short Trek,1295,14,2,5545.0,Guesthouse,Spring/Autumn,2021-09-04,1,31,1,1,1250000,7,0,0,0,0,2017,40,Afghanistan,2,0.8156876911044267,-0.26711538182634254,77630.0,14.038654909278163,8.620832226175724
108,Everest Base Camp Short Trek ,1499,14,4,5545.0,Guesthouse,Spring/Autumn/Winter,2022-05-08,1,33,1,1,1500000,5,1,1,1,1,2017,1700,Columbia,2,1.4884608477498542,0.15348612097543765,77630.0,14.220976332738882,8.620832226175724
109,Everest Base Camp Short Trek ,1499,14,4,5545.0,Guesthouse,Spring/Autumn/Winter,2020-05-31,3,28,1,1,1100000,4,1,0,0,1,2016,2390,Georgia,2,0.41202379711717013,0.15348612097543765,77630.0,13.910821646859095,8.620832226175724
110,Everest Base Camp Short Trek ,1499,14,4,5545.0,Guesthouse,Spring/Autumn/Winter,2021-04-10,0,28,1,1,800000,2,0,0,0,1,2016,5660,Nigeria,2,-0.39530399085734297,0.15348612097543765,77630.0,13.592368256649284,8.620832226175724
111,Everest Base Camp Short Trek ,1499,14,4,5545.0,Guesthouse,Spring/Autumn/Winter,2022-09-24,2,28,1,1,650000,9,0,0,0,0,2017,8040,Ukraine,2,-0.7989678848445995,0.15348612097543765,77630.0,13.384729180332174,8.620832226175724
112,Everest Base Camp Short Trek ,1499,14,4,5545.0,Guesthouse,Spring/Autumn/Winter,2023-04-05,2,29,1,1,900000,4,0,1,0,0,2017,4700,Malta,2,-0.1261947281991719,0.15348612097543765,77630.0,13.710151153416941,8.620832226175724
113,Everest Base Camp Trek,1450,16,3,5545.0,Guesthouse,Spring/Autumn/Winter,2023-03-31,2,25,1,1,1400000,4,0,0,1,1,2017,6420,Romania,2,1.2193515850916832,0.0524592894201081,88720.0,14.151983508870947,8.620832226175724
114,Everest Base Camp Trek,1420,16,2,5545.0,Guesthouse,Spring/Autumn,2022-09-13,2,31,0,1,400000,6,1,0,0,0,2017,0,total,2,-1.4717410414900272,-0.009393872756624275,88720.0,12.899222326086994,8.620832226175724
115,Everest Base Camp Trek,1450,16,3,5545.0,Guesthouse,Spring/Autumn/Winter,2022-11-15,1,31,0,1,1300000,6,0,0,0,1,2016,7160,Zimbabwe,2,0.9502423224335123,0.0524592894201081,88720.0,14.077875591662238,8.620832226175724
116,Everest Base Camp Trek,1450,16,3,5545.0,Guesthouse,Spring/Autumn/Winter,2023-06-07,2,28,1,1,1200000,3,0,0,0,0,2016,720,Botwana,2,0.6811330597753412,0.0524592894201081,88720.0,13.997832948091215,8.620832226175724
117,Everest Base Camp Trek,1450,16,3,5545.0,Guesthouse,Spring/Autumn/Winter,2020-03-22,1,32,0,1,350000,7,0,0,0,0,2016,4080,north korea,2,-1.6062956728191127,0.0524592894201081,88720.0,12.765691290604371,8.620832226175724
118,Everest Base Camp Trek,1450,16,3,5545.0,Guesthouse,Spring/Autumn/Winter,2023-04-28,3,28,1,1,700000,4,1,0,0,0,2017,3320,Haiti,2,-0.664413253515514,0.0524592894201081,88720.0,13.45883704259595,8.620832226175724
119,Everest Base Camp Trek for Seniors,1800,20,2,5545.0,Guesthouse,Spring/Autumn,2021-10-21,2,28,1,1,700000,8,1,1,0,0,2017,200,Andra,2,-0.664413253515514,0.7740795148153192,110900.0,13.45883704259595,8.620832226175724
120,Everest Base Camp Trek for Youths ,1750,14,4,5545.0,Guesthouse,Spring/Autumn/Winter,2023-04-07,1,30,1,0,800000,4,0,0,0,0,2017,4660,Mari,2,-0.39530399085734297,0.6709909111874319,77630.0,13.592368256649284,8.620832226175724
121,Everest Base Camp Trek for Youths ,1750,14,4,5545.0,Guesthouse,Spring/Autumn/Winter,2020-09-09,0,28,1,1,500000,9,0,0,0,1,2017,8000,Uganda,2,-1.2026317788318561,0.6709909111874319,77630.0,13.122365377402328,8.620832226175724
122,Everest Base Camp Trek for Youths ,1750,14,4,5545.0,Guesthouse,Spring/Autumn/Winter,2023-07-31,0,26,1,1,1400000,3,1,0,1,1,2016,2330,Estonia,2,1.2193515850916832,0.6709909111874319,77630.0,14.151983508870947,8.620832226175724
123,Everest Base Camp Trek for Youths ,1750,14,4,5545.0,Guesthouse,Spring/Autumn/Winter,2020-09-17,1,29,1,1,1050000,3,0,0,0,1,2016,5620,Nigail,2,0.2774691657880846,0.6709909111874319,77630.0,13.864301674514206,8.620832226175724
124,Everest Base Camp Trek for Youths ,1750,14,4,5545.0,Guesthouse,Spring/Autumn/Winter,2020-08-27,1,34,0,1,1100000,2,0,0,0,0,2017,1580,Taiwan,2,0.41202379711717013,0.6709909111874319,77630.0,13.910821646859095,8.620832226175724
125,Everest Base Camp Trek via Gokyo Lake,1530,19,3,5545.0,Guesthouse,Spring/Autumn/Winter,2022-01-27,2,29,1,1,1200000,7,0,0,0,1,2017,6590,St. Christopher Navis,4,0.6811330597753412,0.21740105522472777,105355.0,13.997832948091215,8.620832226175724
126,Everest Base Camp Trek via Gokyo Lake,1530,19,3,5545.0,Guesthouse,Spring/Autumn/Winter,2022-01-01,2,31,0,0,400000,4,0,0,0,0,2017,3441,Hong Kong DI,4,-1.4717410414900272,0.21740105522472777,105355.0,12.899222326086994,8.620832226175724
127,Everest Base Camp Trek via Gokyo Lake,1530,19,3,5545.0,Guesthouse,Spring/Autumn/Winter,2022-11-04,1,31,1,1,1250000,2,0,0,0,0,2016,900,Solomon,4,0.8156876911044267,0.21740105522472777,105355.0,14.038654909278163,8.620832226175724
128,Everest Base Camp Trek via Gokyo Lake,1530,19,3,5545.0,Guesthouse,Spring/Autumn/Winter,2020-09-18,2,28,1,1,900000,5,0,1,0,0,2016,7290,Sudan,4,-0.1261947281991719,0.21740105522472777,105355.0,13.710151153416941,8.620832226175724
129,Everest Base Camp Trek via Gokyo Lake,1530,19,3,5545.0,Guesthouse,Spring/Autumn/Winter,2021-05-07,1,27,1,0,450000,3,0,0,0,0,2016,4170,Kyrgyzstan,4,-1.3371864101609416,0.21740105522472777,105355.0,13.017005083966255,8.620832226175724
130,Everest Base Camp Trek via Gokyo Lakes and Cho La Pass ,1499,18,4,5545.0,Guesthouse,Spring/Autumn/Winter,2022-08-31,1,29,1,1,1050000,5,0,0,0,0,2016,5850,Palao,4,0.2774691657880846,0.15348612097543765,99810.0,13.864301674514206,8.620832226175724
131,Everest Base Camp Trek via Gokyo Lakes and Cho La Pass ,1499,18,4,5545.0,Guesthouse,Spring/Autumn/Winter,2022-11-19,3,27,0,1,850000,6,0,1,0,0,2016,2620,Jibuti,4,-0.26074935952825745,0.15348612097543765,99810.0,13.652992804936396,8.620832226175724
132,Everest Base Camp Trek via Gokyo Lakes and Cho La Pass ,1499,18,4,5545.0,Guesthouse,Spring/Autumn/Winter,2020-05-31,3,30,1,0,650000,3,0,0,1,0,2017,8340,Tanzania,4,-0.7989678848445995,0.15348612097543765,99810.0,13.384729180332174,8.620832226175724
133,Everest Base Camp Trek via Gokyo Lakes and Cho La Pass ,1499,18,4,5545.0,Guesthouse,Spring/Autumn/Winter,2020-01-17,1,31,0,1,400000,5,0,0,0,0,2017,4920,Monaco,4,-1.4717410414900272,0.15348612097543765,99810.0,12.899222326086994,8.620832226175724
134,Everest Base Camp Trek via Gokyo Lakes and Cho La Pass ,1499,18,4,5545.0,Guesthouse,Spring/Autumn/Winter,2022-02-07,2,28,1,1,1200000,4,0,1,0,1,2017,1880,Costa Rica,4,0.6811330597753412,0.15348612097543765,99810.0,13.997832948091215,8.620832226175724
135,Everest Base Camp Trek with Chola and Renjo La Pass,1900,21,5,5545.0,Guesthouse,Spring/Autumn,2022-03-03,0,32,0,1,850000,6,0,0,0,1,2017,480,Barrane,2,-0.26074935952825745,0.9802567220710937,116445.0,13.652992804936396,8.620832226175724
136,Everest Base Camp Trek ,1499,16,3,5545.0,Guesthouse,Spring/Autumn/Winter,2020-07-22,0,29,1,1,500000,5,0,0,0,0,2017,4780,Mauritania,2,-1.2026317788318561,0.15348612097543765,88720.0,13.122365377402328,8.620832226175724
137,Everest Base Camp Trek ,1499,16,3,5545.0,Guesthouse,Spring/Autumn/Winter,2020-10-29,2,26,1,1,750000,4,1,0,0,0,2016,2420,Fiji,2,-0.5298586221864284,0.15348612097543765,88720.0,13.527829818844937,8.620832226175724
138,Everest Base Camp Trek ,1499,16,3,5545.0,Guesthouse,Spring/Autumn/Winter,2022-01-05,0,32,0,1,350000,9,1,0,0,0,2016,5780,Norway,2,-1.6062956728191127,0.15348612097543765,88720.0,12.765691290604371,8.620832226175724
139,Everest Base Camp Trek ,1499,16,3,5545.0,Guesthouse,Spring/Autumn/Winter,2021-02-22,0,26,0,1,500000,4,0,0,0,0,2017,8070,Former Macedonia Yugoslavia Republic,2,-1.2026317788318561,0.15348612097543765,88720.0,13.122365377402328,8.620832226175724
140,Everest Base Camp Trek ,1499,16,3,5545.0,Guesthouse,Spring/Autumn/Winter,2020-06-11,3,25,1,1,1400000,3,1,1,1,1,2017,1740,Komoro,2,1.2193515850916832,0.15348612097543765,88720.0,14.151983508870947,8.620832226175724
141,Everest Chola Pass Trek,1720,19,5,5545.0,Guesthouse,Spring/Autumn,2022-01-25,2,25,1,0,1150000,4,0,0,0,0,2017,240,Angola,2,0.5465784284462557,0.6091377490106995,105355.0,13.955273369904273,8.620832226175724
142,Everest High Passes Trek,1950,22,5,5545.0,Guesthouse,,2021-01-04,3,31,1,1,1350000,3,0,1,1,1,2017,310,Azerbaijan,2,1.0847969537625977,1.0833453256989811,121990.0,14.115615891155079,8.620832226175724
143,Everest High Passes Trek ,1499,20,4,5546.0,Guesthouse,Spring/Autumn/Winter,2020-07-08,1,31,1,1,1250000,4,0,0,1,0,2017,2180,Ecuador,2,0.8156876911044267,0.15348612097543765,110920.0,14.038654909278163,8.621012520055235
144,Everest High Passes Trek ,1499,20,4,5546.0,Guesthouse,Spring/Autumn/Winter,2022-01-15,0,27,0,1,1050000,4,0,0,0,1,2017,9010,Kosovo,2,0.2774691657880846,0.15348612097543765,110920.0,13.864301674514206,8.621012520055235
145,Everest High Passes Trek ,1499,20,4,5546.0,Guesthouse,Spring/Autumn/Winter,2022-06-29,1,32,0,1,800000,5,0,1,0,0,2017,5240,Nepal,2,-0.39530399085734297,0.15348612097543765,110920.0,13.592368256649284,8.621012520055235
146,Everest High Passes Trek ,1499,20,4,5546.0,Guesthouse,Spring/Autumn/Winter,2022-03-24,2,32,0,1,850000,7,0,0,0,1,2016,3200,Guatemala,2,-0.26074935952825745,0.15348612097543765,110920.0,13.652992804936396,8.621012520055235
147,Everest High Passes Trek ,1499,20,4,5546.0,Guesthouse,Spring/Autumn/Winter,2020-11-26,3,31,1,1,1400000,6,1,0,1,0,2016,6240,Guinea Visau,2,1.2193515850916832,0.15348612097543765,110920.0,14.151983508870947,8.621012520055235
148,Everest Kalapathar Trekking,1390,15,3,5545.0,Guesthouse,Spring/Autumn/Winter,2021-08-14,2,28,1,1,800000,5,1,0,0,0,2017,6430,Russia,2,-0.39530399085734297,-0.07124703493335666,83175.0,13.592368256649284,8.620832226175724
149,Everest Kalapathar Trekking,1390,15,3,5545.0,Guesthouse,Spring/Autumn/Winter,2020-09-16,2,34,1,1,1300000,5,0,0,0,0,2017,3400,Honduras,2,0.9502423224335123,-0.07124703493335666,83175.0,14.077875591662238,8.620832226175724
150,Everest Kalapathar Trekking,1390,15,3,5545.0,Guesthouse,Spring/Autumn/Winter,2022-03-17,3,35,1,0,800000,7,1,0,0,1,2016,4100,South Korea,2,-0.39530399085734297,-0.07124703493335666,83175.0,13.592368256649284,8.620832226175724
151,Everest Kalapathar Trekking,1390,15,3,5545.0,Guesthouse,Spring/Autumn/Winter,2020-03-25,3,30,1,0,650000,3,0,0,0,0,2016,760,Brazil,2,-0.7989678848445995,-0.07124703493335666,83175.0,13.384729180332174,8.620832226175724
152,Everest Kalapathar Trekking,1390,15,3,5545.0,Guesthouse,Spring/Autumn/Winter,2020-09-24,2,27,0,1,900000,5,1,0,1,0,2016,7240,Spain,2,-0.1261947281991719,-0.07124703493335666,83175.0,13.710151153416941,8.620832226175724
153,Everest Kangshung Face Trek ,1499,21,4,5320.0,Guesthouse,Spring/Autumn/Winter,2023-01-18,3,34,1,1,500000,5,0,0,0,0,2016,6740,Sun Marino,2,-1.2026317788318561,0.15348612097543765,111720.0,13.122365377402328,8.579416534596369
154,Everest Kangshung Face Trek ,1499,21,4,5320.0,Guesthouse,Spring/Autumn/Winter,2020-12-31,2,25,1,0,1700000,3,1,1,0,0,2016,310,Azerbaijan,2,2.0266793730661963,0.15348612097543765,111720.0,14.346139397261565,8.579416534596369
155,Everest Kangshung Face Trek ,1499,21,4,5320.0,Guesthouse,Spring/Autumn/Winter,2021-10-11,3,32,0,1,800000,3,0,1,0,1,2017,2500,France,2,-0.39530399085734297,0.15348612097543765,111720.0,13.592368256649284,8.579416534596369
156,Everest Kangshung Face Trek ,1499,21,4,5320.0,Guesthouse,Spring/Autumn/Winter,2020-11-29,2,26,1,1,600000,4,0,1,0,0,2016,3520,Iceland,2,-0.933522516173685,0.15348612097543765,111720.0,13.304686600863562,8.579416534596369
157,Everest Kangshung Face Trek ,1499,21,4,5320.0,Guesthouse,Spring/Autumn/Winter,2022-10-28,3,28,1,1,800000,6,0,0,1,1,2017,5840,Marshall,2,-0.39530399085734297,0.15348612097543765,111720.0,13.592368256649284,8.579416534596369
158,Everest Panorama Trek,1040,10,1,3860.0,Guesthouse,Spring/Autumn/Winter,2022-02-21,0,31,1,1,1100000,5,0,1,0,0,2016,840,Belize,2,0.41202379711717013,-0.7928672603285677,38600.0,13.910821646859095,8.258681496264236
159,Everest Panorama Trek,1040,10,1,3860.0,Guesthouse,Spring/Autumn/Winter,2022-05-03,3,28,1,1,650000,2,1,0,0,1,2017,6460,Rwanda,2,-0.7989678848445995,-0.7928672603285677,38600.0,13.384729180332174,8.258681496264236
160,Everest Panorama Trek,1040,10,1,3860.0,Guesthouse,Spring/Autumn/Winter,2020-10-11,1,25,1,0,1700000,4,0,1,0,1,2016,4140,Kuwait,2,2.0266793730661963,-0.7928672603285677,38600.0,14.346139397261565,8.258681496264236
161,Everest Panorama Trek,1040,10,1,3860.0,Guesthouse,Spring/Autumn/Winter,2021-05-18,1,29,1,1,350000,5,1,0,0,0,2016,7280,South Sudan,2,-1.6062956728191127,-0.7928672603285677,38600.0,12.765691290604371,8.258681496264236
162,Everest Panorama Trek,1040,10,1,3860.0,Guesthouse,Spring/Autumn/Winter,2023-03-24,2,29,1,1,1200000,3,0,0,0,1,2017,3440,China (Hong Kong),2,0.6811330597753412,-0.7928672603285677,38600.0,13.997832948091215,8.258681496264236
163,Everest Panorama Trek,1150,10,1,3860.0,Guesthouse,Spring/Autumn/Winter,2020-01-31,1,33,0,1,800000,3,0,1,0,0,2017,360,Australia,2,-0.39530399085734297,-0.5660723323472157,38600.0,13.592368256649284,8.258681496264236
164,Everest View Trek,1100,9,1,3860.0,Guesthouse,Spring/Autumn/Winter,2020-10-11,3,31,0,1,400000,9,1,0,0,0,2017,400,Austria,2,-1.4717410414900272,-0.669160935975103,34740.0,12.899222326086994,8.258681496264236
165,Everest View Trek ,1499,12,2,3870.0,Guesthouse,Spring/Autumn/Winter,2022-12-07,2,31,1,1,950000,5,0,1,1,0,2016,6340,Qatar,2,0.008359903129913596,0.15348612097543765,46440.0,13.76421831620775,8.261268150577648
166,Everest View Trek ,1499,12,2,3870.0,Guesthouse,Spring/Autumn/Winter,2023-08-07,1,28,1,1,600000,7,0,0,0,1,2016,0,total,2,-0.933522516173685,0.15348612097543765,46440.0,13.304686600863562,8.261268150577648
167,Everest View Trek ,1499,12,2,3870.0,Guesthouse,Spring/Autumn/Winter,2021-01-21,1,29,1,1,1200000,7,0,0,0,0,2017,2260,Equatorial guinea,2,0.6811330597753412,0.15348612097543765,46440.0,13.997832948091215,8.261268150577648
168,Everest View Trek ,1499,12,2,3870.0,Guesthouse,Spring/Autumn/Winter,2020-07-06,1,29,1,1,1050000,6,0,0,0,0,2016,3280,Gaiana,2,0.2774691657880846,0.15348612097543765,46440.0,13.864301674514206,8.261268150577648
169,Everest View Trek ,1499,12,2,3870.0,Guesthouse,Spring/Autumn/Winter,2021-12-02,3,31,1,1,1350000,8,0,0,1,1,2017,5480,Vanuatsu,2,1.0847969537625977,0.15348612097543765,46440.0,14.115615891155079,8.261268150577648
170,Ghorepani Poon Hill Trek,450,10,1,3210.0,Guesthouse,Spring/Autumn/Winter,2023-03-08,3,28,1,1,1250000,4,1,0,0,0,2017,3600,Indonesia,3,0.8156876911044267,-2.009312783137638,32100.0,14.038654909278163,8.074337694089515
171,Ghorepani Poon Hill Trek,450,10,1,3210.0,Guesthouse,Spring/Autumn/Winter,2022-12-21,2,34,1,1,1050000,3,0,0,0,0,2016,4300,Liberia,3,0.2774691657880846,-2.009312783137638,32100.0,13.864301674514206,8.074337694089515
172,Ghorepani Poon Hill Trek,450,10,1,3210.0,Guesthouse,Spring/Autumn/Winter,2020-04-26,0,29,1,1,900000,7,0,1,0,0,2016,1120,Belarus,3,-0.1261947281991719,-2.009312783137638,32100.0,13.710151153416941,8.074337694089515
173,Ghorepani Poon Hill Trek,450,10,1,3210.0,Guesthouse,Spring/Autumn/Winter,2022-08-09,0,25,1,1,1700000,5,0,1,0,1,2016,7600,Syria,3,2.0266793730661963,-2.009312783137638,32100.0,14.346139397261565,8.074337694089515
174,Ghorepani Poon Hill Trek,450,10,1,3210.0,Guesthouse,Spring/Autumn/Winter,2021-08-22,1,28,1,1,900000,4,0,1,0,0,2017,6820,Saudi Arabia,3,-0.1261947281991719,-2.009312783137638,32100.0,13.710151153416941,8.074337694089515
175,Gokyo Lake Renjo La Pass Trek,1450,16,2,5360.0,Guesthouse,Spring/Autumn,2022-08-07,0,31,0,1,1300000,4,0,0,0,0,2017,280,Antigua Berbuda,4,0.9502423224335123,0.0524592894201081,85760.0,14.077875591662238,8.586905803827538
176,Gokyo Lake Trek,1190,13,2,5357.0,Guesthouse,Spring/Autumn/Winter,2020-04-17,2,32,0,1,900000,5,1,0,0,1,2016,4180,Laos,4,-0.1261947281991719,-0.48360144944490585,69641.0,13.710151153416941,8.586346050104554
177,Gokyo Lake Trek,1190,13,2,5357.0,Guesthouse,Spring/Autumn/Winter,2020-06-13,0,34,0,1,1300000,9,1,0,0,1,2016,960,Brunei,4,0.9502423224335123,-0.48360144944490585,69641.0,14.077875591662238,8.586346050104554
178,Gokyo Lake Trek,1190,13,2,5357.0,Guesthouse,Spring/Autumn/Winter,2020-07-09,1,31,0,1,1300000,3,0,0,1,1,2017,3442,Hong Kong SAR,4,0.9502423224335123,-0.48360144944490585,69641.0,14.077875591662238,8.586346050104554
179,Gokyo Lake Trek,1190,13,2,5357.0,Guesthouse,Spring/Autumn/Winter,2021-12-07,0,28,1,1,1200000,5,0,1,0,0,2017,6620,St. Lucia,4,0.6811330597753412,-0.48360144944490585,69641.0,13.997832948091215,8.586346050104554
180,Gokyo Lake Trek,1190,13,2,5357.0,Guesthouse,Spring/Autumn/Winter,2022-04-10,3,28,0,1,600000,7,0,0,0,0,2016,7400,Slinum,4,-0.933522516173685,-0.48360144944490585,69641.0,13.304686600863562,8.586346050104554
181,Gokyo Lakes and Gokyo Ri Trek ,1499,14,3,5357.0,Guesthouse,Spring/Autumn/Winter,2020-03-24,1,34,1,1,500000,6,0,0,0,1,2016,2750,Palestine,4,-1.2026317788318561,0.15348612097543765,74998.0,13.122365377402328,8.586346050104554
182,Gokyo Lakes and Gokyo Ri Trek ,1499,14,3,5357.0,Guesthouse,Spring/Autumn/Winter,2023-03-04,2,33,0,1,1100000,5,0,0,0,0,2017,8580,Uruguay,4,0.41202379711717013,0.15348612097543765,74998.0,13.910821646859095,8.586346050104554
183,Gokyo Lakes and Gokyo Ri Trek ,1499,14,3,5357.0,Guesthouse,Spring/Autumn/Winter,2022-07-19,2,28,1,1,800000,3,1,0,0,0,2017,4990,Montenegro,4,-0.39530399085734297,0.15348612097543765,74998.0,13.592368256649284,8.586346050104554
184,Gokyo Lakes and Gokyo Ri Trek ,1499,14,3,5357.0,Guesthouse,Spring/Autumn/Winter,2023-05-23,1,25,1,1,1400000,4,0,0,1,1,2017,1960,Cyprus,4,1.2193515850916832,0.15348612097543765,74998.0,14.151983508870947,8.586346050104554
185,Gokyo Lakes and Gokyo Ri Trek ,1499,14,3,5357.0,Guesthouse,Spring/Autumn/Winter,2023-04-24,1,28,1,1,1100000,2,0,0,0,1,2016,5980,Papua New Guinea,4,0.41202379711717013,0.15348612097543765,74998.0,13.910821646859095,8.586346050104554
186,Helambu Trek,780,9,1,3650.0,Guesthouse,Spring/Autumn/Winter,2021-09-20,3,29,1,1,900000,7,0,1,0,0,2016,2310,Ethiopia,5,-0.1261947281991719,-1.3289279991935816,32850.0,13.710151153416941,8.202756381655638
187,Helambu Trek,780,9,1,3650.0,Guesthouse,Spring/Autumn/Winter,2020-01-24,0,31,0,0,300000,9,1,0,0,0,2017,1520,Chile,5,-1.7408503041481982,-1.3289279991935816,32850.0,12.611541086966115,8.202756381655638
188,Helambu Trek,780,9,1,3650.0,Guesthouse,Spring/Autumn/Winter,2020-01-25,2,31,1,1,1650000,7,1,1,0,1,2016,5540,new zealand,5,1.8921247417371108,-1.3289279991935816,32850.0,14.316286451937186,8.202756381655638
189,Helambu Trek,780,9,1,3650.0,Guesthouse,Spring/Autumn/Winter,2022-06-10,0,31,0,1,400000,5,0,0,0,0,2017,4580,Malaysia,5,-1.4717410414900272,-1.3289279991935816,32850.0,12.899222326086994,8.202756381655638
190,Helambu Trek,780,9,1,3650.0,Guesthouse,Spring/Autumn/Winter,2023-06-17,3,25,0,1,750000,3,0,0,0,0,2017,7950,Torque menistan,5,-0.5298586221864284,-1.3289279991935816,32850.0,13.527829818844937,8.202756381655638
191,Instant Annapurna Base Camp Trek,980,9,2,4230.0,Guesthouse,Spring/Autumn,2022-10-01,0,32,0,1,350000,5,0,0,0,0,2017,7040,Vietnam,1,-1.6062956728191127,-0.9165735846820324,38070.0,12.765691290604371,8.350193650720067
192,Instant Annapurna Base Camp Trek,980,9,2,4230.0,Guesthouse,Spring/Autumn,2022-12-18,3,34,1,1,1500000,7,0,1,1,1,2016,4500,Madagascar,1,1.4884608477498542,-0.9165735846820324,38070.0,14.220976332738882,8.350193650720067
193,Instant Annapurna Base Camp Trek,980,9,2,4230.0,Guesthouse,Spring/Autumn,2022-11-22,0,28,0,1,300000,8,0,0,0,0,2017,3880,Jamaica,1,-1.7408503041481982,-0.9165735846820324,38070.0,12.611541086966115,8.350193650720067
194,Instant Annapurna Base Camp Trek,980,9,2,4230.0,Guesthouse,Spring/Autumn,2023-08-21,0,34,1,1,700000,7,0,0,0,0,2017,520,Barbados,1,-0.664413253515514,-0.9165735846820324,38070.0,13.45883704259595,8.350193650720067
195,Instant Annapurna Base Camp Trek,980,9,2,4230.0,Guesthouse,Spring/Autumn,2022-11-30,0,30,1,0,500000,8,0,0,0,0,2016,1480,Chad,1,-1.2026317788318561,-0.9165735846820324,38070.0,13.122365377402328,8.350193650720067
196,Kanchenjunga Circuit Trek ,1499,25,4,5143.0,Guesthouse,Spring/Autumn/Winter,2021-10-15,2,28,0,1,300000,2,0,0,0,0,2017,2220,El Salvador,6,-1.7408503041481982,0.15348612097543765,128575.0,12.611541086966115,8.545586265917455
197,Kanchenjunga Circuit Trek ,1499,25,4,5143.0,Guesthouse,Spring/Autumn/Winter,2022-10-27,1,26,1,1,1400000,4,1,0,1,1,2016,3240,Guinea,6,1.2193515850916832,0.15348612097543765,128575.0,14.151983508870947,8.545586265917455
198,Kanchenjunga Circuit Trek ,1499,25,4,5143.0,Guesthouse,Spring/Autumn/Winter,2022-07-04,1,28,1,1,500000,3,0,0,0,0,2016,6260,East Timor Democratic Republic,6,-1.2026317788318561,0.15348612097543765,128575.0,13.122365377402328,8.545586265917455
199,Kanchenjunga Circuit Trek ,1499,25,4,5143.0,Guesthouse,Spring/Autumn/Winter,2022-10-10,0,31,1,1,1400000,2,0,0,1,1,2017,9990,others,6,1.2193515850916832,0.15348612097543765,128575.0,14.151983508870947,8.545586265917455
200,Kanchenjunga Circuit Trek ,1499,25,4,5143.0,Guesthouse,Spring/Autumn/Winter,2020-11-01,2,27,0,1,750000,5,0,0,0,0,2017,5280,Netherlands,6,-0.5298586221864284,0.15348612097543765,128575.0,13.527829818844937,8.545586265917455
206,Langtang Gosaikunda Trek,1180,16,1,4600.0,Guesthouse,Spring/Autumn,2020-01-04,3,34,1,1,1500000,5,0,1,1,1,2016,2180,Ecuador,7,1.4884608477498542,-0.5042191701704833,73600.0,14.220976332738882,8.434028950155469
207,Langtang Gosaikunda Trek,1180,16,1,4600.0,Guesthouse,Spring/Autumn,2023-03-01,1,26,1,1,1300000,3,0,0,0,0,2017,7840,United Arab Emirates,7,0.9502423224335123,-0.5042191701704833,73600.0,14.077875591662238,8.434028950155469
208,Langtang Gosaikunda Trek,1180,16,1,4600.0,Guesthouse,Spring/Autumn,2021-07-07,0,34,1,1,850000,3,1,0,1,0,2017,4461,Macau travel certificate,7,-0.26074935952825745,-0.5042191701704833,73600.0,13.652992804936396,8.434028950155469
209,Langtang Gosaikunda Trek,1180,16,1,4600.0,Guesthouse,Spring/Autumn,2020-06-20,0,28,1,1,1100000,8,0,0,0,0,2016,5240,Nepal,7,0.41202379711717013,-0.5042191701704833,73600.0,13.910821646859095,8.434028950155469
210,Langtang Gosaikunda Trek,1180,16,1,4600.0,Guesthouse,Spring/Autumn,2022-04-11,0,32,0,1,850000,3,0,0,0,0,2017,1400,Central Africa,7,-0.26074935952825745,-0.5042191701704833,73600.0,13.652992804936396,8.434028950155469
211,Langtang Valley Trek,750,10,1,5050.0,Teahouse,Spring/Autumn,2023-06-19,3,28,0,1,1200000,5,0,0,0,0,2016,2140,dominican republic,7,0.6811330597753412,-1.390781161370314,50500.0,13.997832948091215,8.527341522468053
212,Langtang Valley Trek,750,10,1,5050.0,Teahouse,Spring/Autumn,2021-06-05,2,28,1,1,750000,6,0,1,0,0,2017,7800,Republic of Trinidad and Tobago,7,-0.5298586221864284,-1.390781161370314,50500.0,13.527829818844937,8.527341522468053
213,Langtang Valley Trek,750,10,1,5050.0,Teahouse,Spring/Autumn,2022-08-20,1,34,1,1,700000,6,0,1,1,1,2016,5200,Naure,7,-0.664413253515514,-1.390781161370314,50500.0,13.45883704259595,8.527341522468053
214,Langtang Valley Trek,750,10,1,5050.0,Teahouse,Spring/Autumn,2022-01-04,0,34,1,1,1300000,3,0,0,0,0,2017,4460,Macau,7,0.9502423224335123,-1.390781161370314,50500.0,14.077875591662238,8.527341522468053
215,Langtang Valley Trek,750,10,1,5050.0,Teahouse,Spring/Autumn,2021-10-21,1,25,0,1,750000,4,0,0,0,1,2017,1320,Carbo verde,7,-0.5298586221864284,-1.390781161370314,50500.0,13.527829818844937,8.527341522468053
216,Langtang Valley Trek with Ganja la Pass ,1499,14,4,5122.0,Guesthouse,Spring/Autumn/Winter,2023-05-08,3,25,1,1,1400000,3,0,0,1,0,2017,6040,Peru,7,1.2193515850916832,0.15348612097543765,71708.0,14.151983508870947,8.541495483939203
217,Langtang Valley Trek with Ganja la Pass ,1499,14,4,5122.0,Guesthouse,Spring/Autumn/Winter,2021-04-27,0,34,1,1,1500000,3,0,1,1,1,2017,2880,Ghana,7,1.4884608477498542,0.15348612097543765,71708.0,14.220976332738882,8.541495483939203
218,Langtang Valley Trek with Ganja la Pass ,1499,14,4,5122.0,Guesthouse,Spring/Autumn/Winter,2022-03-15,0,33,0,1,1100000,5,0,0,0,0,2016,500,Bangladesh,7,0.41202379711717013,0.15348612097543765,71708.0,13.910821646859095,8.541495483939203
219,Langtang Valley Trek with Ganja la Pass ,1499,14,4,5122.0,Guesthouse,Spring/Autumn/Winter,2021-05-25,2,26,1,1,500000,3,0,0,0,0,2016,3760,Israel,7,-1.2026317788318561,0.15348612097543765,71708.0,13.122365377402328,8.541495483939203
220,Langtang Valley Trek with Ganja la Pass ,1499,14,4,5122.0,Guesthouse,Spring/Autumn/Winter,2021-09-04,1,34,0,1,1300000,4,0,0,0,0,2016,6940,Sierra Leone,7,0.9502423224335123,0.15348612097543765,71708.0,14.077875591662238,8.541495483939203
221,Langtang Valley Trekking,690,11,2,4773.0,Guesthouse,Spring/Autumn/Winter,2022-07-16,3,31,0,1,1200000,6,1,0,0,0,2016,1240,Canada,7,0.6811330597753412,-1.514487485723779,52503.0,13.997832948091215,8.470939806898775
222,Langtang Valley Trekking,690,11,2,4773.0,Guesthouse,Spring/Autumn/Winter,2022-02-05,0,27,0,1,900000,7,1,0,0,0,2017,6900,Saechel,7,-0.1261947281991719,-1.514487485723779,52503.0,13.710151153416941,8.470939806898775
223,Langtang Valley Trekking,690,11,2,4773.0,Guesthouse,Spring/Autumn/Winter,2023-08-11,3,28,1,1,1150000,8,1,0,0,0,2016,4400,Lithuania,7,0.5465784284462557,-1.514487485723779,52503.0,13.955273369904273,8.470939806898775
224,Langtang Valley Trekking,690,11,2,4773.0,Guesthouse,Spring/Autumn/Winter,2023-01-17,1,25,1,0,1700000,4,0,1,0,1,2017,3720,Ireland,7,2.0266793730661963,-1.514487485723779,52503.0,14.346139397261565,8.470939806898775
225,Langtang Valley Trekking,690,11,2,4773.0,Guesthouse,Spring/Autumn/Winter,2021-01-13,1,29,1,1,1200000,5,0,0,0,0,2016,7680,Togo,7,0.6811330597753412,-1.514487485723779,52503.0,13.997832948091215,8.470939806898775
226,Langtang Valley Trek ,1499,11,3,5000.0,Guesthouse,Spring/Autumn/Winter,2023-01-02,0,35,0,1,900000,3,1,0,0,0,2016,2960,Kiribass,7,-0.1261947281991719,0.15348612097543765,55000.0,13.710151153416941,8.517393171418904
227,Langtang Valley Trek ,1499,11,3,5000.0,Guesthouse,Spring/Autumn/Winter,2022-04-11,3,29,1,1,1150000,5,1,1,0,0,2017,8820,Samoa Independent State,7,0.5465784284462557,0.15348612097543765,55000.0,13.955273369904273,8.517393171418904
228,Langtang Valley Trek ,1499,11,3,5000.0,Guesthouse,Spring/Autumn/Winter,2022-06-11,3,29,1,1,1200000,5,0,0,1,0,2016,6080,Philippines,7,0.6811330597753412,0.15348612097543765,55000.0,13.997832948091215,8.517393171418904
229,Langtang Valley Trek ,1499,11,3,5000.0,Guesthouse,Spring/Autumn/Winter,2021-09-10,1,31,1,1,1350000,3,0,0,1,1,2017,2080,Denmark,7,1.0847969537625977,0.15348612097543765,55000.0,14.115615891155079,8.517393171418904
230,Langtang Valley Trek ,1499,11,3,5000.0,Guesthouse,Spring/Autumn/Winter,2021-06-16,3,27,0,1,850000,3,0,0,0,0,2017,5120,Oman,7,-0.26074935952825745,0.15348612097543765,55000.0,13.652992804936396,8.517393171418904
231,"Langtang, Gosainkunda and Helambu Trek ",1499,17,2,5000.0,Guesthouse,Spring/Autumn/Winter,2021-03-03,1,25,1,0,1150000,5,1,0,0,1,2016,200,Andra,7,0.5465784284462557,0.15348612097543765,85000.0,13.955273369904273,8.517393171418904
232,"Langtang, Gosainkunda and Helambu Trek ",1499,17,2,5000.0,Guesthouse,Spring/Autumn/Winter,2022-06-14,3,32,0,1,800000,6,0,1,0,0,2016,3441,Hong Kong DI,7,-0.39530399085734297,0.15348612097543765,85000.0,13.592368256649284,8.517393171418904
233,"Langtang, Gosainkunda and Helambu Trek ",1499,17,2,5000.0,Guesthouse,Spring/Autumn/Winter,2022-05-13,3,25,1,0,1150000,5,0,0,0,1,2016,6590,St. Christopher Navis,7,0.5465784284462557,0.15348612097543765,85000.0,13.955273369904273,8.517393171418904
234,"Langtang, Gosainkunda and Helambu Trek ",1499,17,2,5000.0,Guesthouse,Spring/Autumn/Winter,2021-01-01,0,33,1,1,1400000,6,0,1,1,1,2017,2390,Georgia,7,1.2193515850916832,0.15348612097543765,85000.0,14.151983508870947,8.517393171418904
235,"Langtang, Gosainkunda and Helambu Trek ",1499,17,2,5000.0,Guesthouse,Spring/Autumn/Winter,2020-10-09,1,28,1,1,1100000,4,0,0,0,0,2017,5660,Nigeria,7,0.41202379711717013,0.15348612097543765,85000.0,13.910821646859095,8.517393171418904
236,Luxury Everest Base Camp Heli Trek,4200,11,2,5545.0,Teahouse,Spring/Autumn,2020-11-14,2,26,1,1,1400000,5,0,1,1,1,2017,440,Bahamas,2,1.2193515850916832,5.72233248895391,60995.0,14.151983508870947,8.620832226175724
237,Makalu Base Camp Trek ,1499,22,4,4870.0,Guesthouse,Spring/Autumn/Winter,2020-09-20,2,34,1,1,1000000,6,0,0,0,1,2017,2330,Estonia,8,0.1429145344589991,0.15348612097543765,107140.0,13.815511557963774,8.491054533806542
238,Makalu Base Camp Trek ,1499,22,4,4870.0,Guesthouse,Spring/Autumn/Winter,2021-12-29,3,32,0,1,350000,6,0,0,0,0,2016,3440,China (Hong Kong),8,-1.6062956728191127,0.15348612097543765,107140.0,12.765691290604371,8.491054533806542
239,Makalu Base Camp Trek ,1499,22,4,4870.0,Guesthouse,Spring/Autumn/Winter,2020-07-14,3,28,1,1,750000,4,0,0,0,0,2017,5620,Nigail,8,-0.5298586221864284,0.15348612097543765,107140.0,13.527829818844937,8.491054533806542
240,Makalu Base Camp Trek ,1499,22,4,4870.0,Guesthouse,Spring/Autumn/Winter,2023-07-06,1,31,0,0,300000,3,0,0,0,0,2016,6460,Rwanda,8,-1.7408503041481982,0.15348612097543765,107140.0,12.611541086966115,8.491054533806542
241,Makalu Base Camp Trek ,1499,22,4,4870.0,Guesthouse,Spring/Autumn/Winter,2022-12-11,0,29,1,1,1150000,4,1,0,1,0,2016,120,Algeria,8,0.5465784284462557,0.15348612097543765,107140.0,13.955273369904273,8.491054533806542
242,Manaslu Circuit Trek,1450,15,5,5106.0,Guesthouse,Spring/Autumn,2021-07-02,0,34,0,1,1300000,6,0,0,0,1,2016,1920,Cuba,9,0.9502423224335123,0.0524592894201081,76590.0,14.077875591662238,8.538367426647644
243,Manaslu Circuit Trek,1190,17,3,5220.0,Guesthouse,Spring/Autumn/Winter,2023-05-12,1,34,1,1,1000000,9,1,0,0,0,2016,4420,Luxembourg,9,0.1429145344589991,-0.48360144944490585,88740.0,13.815511557963774,8.560444233410552
244,Manaslu Circuit Trek,1190,17,3,5220.0,Guesthouse,Spring/Autumn/Winter,2025-05-13,1,31,1,0,1400000,3,1,1,0,1,2017,4560,Nepal,9,1.2193515850916832,-0.48360144944490585,88740.0,14.151983508870947,8.560444233410552
245,Manaslu Circuit Trek,1190,17,3,5220.0,Guesthouse,Spring/Autumn/Winter,2022-10-24,1,31,0,1,1200000,5,1,0,0,1,2017,6940,Sierra Leone,9,0.6811330597753412,-0.48360144944490585,88740.0,13.997832948091215,8.560444233410552
246,Manaslu Circuit Trek,1450,15,5,5106.0,Guesthouse,Spring/Autumn,2020-08-17,3,34,1,1,700000,6,0,1,0,1,2017,7560,Switzerland,9,-0.664413253515514,0.0524592894201081,76590.0,13.45883704259595,8.538367426647644
247,Manaslu Circuit Trek,1190,17,3,5220.0,Guesthouse,Spring/Autumn/Winter,2022-02-26,1,34,1,1,1300000,4,0,0,0,0,2016,1320,Carbo verde,9,0.9502423224335123,-0.48360144944490585,88740.0,14.077875591662238,8.560444233410552
248,Manaslu Circuit Trek,1450,15,5,5106.0,Guesthouse,Spring/Autumn,2020-11-24,1,28,1,1,750000,3,0,0,0,0,2016,4980,Moldoba,9,-0.5298586221864284,0.0524592894201081,76590.0,13.527829818844937,8.538367426647644
249,Manaslu Circuit Trek,1190,17,3,5220.0,Guesthouse,Spring/Autumn/Winter,2023-01-11,0,32,0,1,900000,4,0,0,0,0,2017,3760,Israel,9,-0.1261947281991719,-0.48360144944490585,88740.0,13.710151153416941,8.560444233410552
250,Manaslu Circuit Trek,1450,15,5,5106.0,Guesthouse,Spring/Autumn,2021-09-07,0,28,1,1,1300000,6,1,0,0,1,2017,4280,Latvia,9,0.9502423224335123,0.0524592894201081,76590.0,14.077875591662238,8.538367426647644
251,Manaslu Circuit Trek,1450,15,5,5106.0,Guesthouse,Spring/Autumn,2023-04-01,0,34,1,0,1300000,6,0,1,0,1,2017,1040,Myanmar,9,0.9502423224335123,0.0524592894201081,76590.0,14.077875591662238,8.538367426647644
252,Manaslu Circuit Trekking,1380,14,2,5220.0,Teahouse,Spring/Autumn,2020-10-06,3,28,1,1,1250000,2,0,1,0,0,2017,1080,Brush,9,0.8156876911044267,-0.09186475565893411,73080.0,14.038654909278163,8.560444233410552
253,Manaslu Circuit Trekking,1380,14,2,5220.0,Teahouse,Spring/Autumn,2021-08-30,0,28,1,1,1150000,5,0,0,0,0,2016,1960,Cyprus,9,0.5465784284462557,-0.09186475565893411,73080.0,13.955273369904273,8.560444233410552
254,Manaslu Circuit Trekking,1380,14,2,5220.0,Teahouse,Spring/Autumn,2023-01-20,2,30,1,0,800000,3,0,0,0,0,2017,7600,Syria,9,-0.39530399085734297,-0.09186475565893411,73080.0,13.592368256649284,8.560444233410552
255,Manaslu Circuit Trekking,1380,14,2,5220.0,Teahouse,Spring/Autumn,2021-08-18,2,33,1,1,1500000,3,1,1,1,1,2017,4300,Liberia,9,1.4884608477498542,-0.09186475565893411,73080.0,14.220976332738882,8.560444233410552
256,Manaslu Circuit Trekking,1380,14,2,5220.0,Teahouse,Spring/Autumn,2021-09-18,0,33,1,1,1400000,5,0,0,1,1,2016,4990,Montenegro,9,1.2193515850916832,-0.09186475565893411,73080.0,14.151983508870947,8.560444233410552
257,Manaslu Circuit Trek ,1499,18,4,5160.0,Guesthouse,Spring/Autumn/Winter,2020-08-28,3,32,0,1,800000,6,1,0,0,0,2017,5080,Mozambique,9,-0.39530399085734297,0.15348612097543765,92880.0,13.592368256649284,8.548885638148727
258,Manaslu Circuit Trek ,1499,18,4,5160.0,Guesthouse,Spring/Autumn/Winter,2023-01-28,0,34,0,1,1300000,6,0,0,1,1,2016,2880,Ghana,9,0.9502423224335123,0.15348612097543765,92880.0,14.077875591662238,8.548885638148727
259,Manaslu Circuit Trek ,1499,18,4,5160.0,Guesthouse,Spring/Autumn/Winter,2020-10-05,2,34,1,1,1000000,7,0,0,0,1,2017,8620,Venezuela,9,0.1429145344589991,0.15348612097543765,92880.0,13.815511557963774,8.548885638148727
260,Manaslu Circuit Trek ,1499,18,4,5160.0,Guesthouse,Spring/Autumn/Winter,2021-12-07,0,32,0,1,800000,4,0,1,1,0,2016,6040,Peru,9,-0.39530399085734297,0.15348612097543765,92880.0,13.592368256649284,8.548885638148727
261,Manaslu Circuit Trek ,1499,18,4,5160.0,Guesthouse,Spring/Autumn/Winter,2020-03-26,3,28,1,1,600000,3,0,0,0,0,2017,2040,Benan,9,-0.933522516173685,0.15348612097543765,92880.0,13.304686600863562,8.548885638148727
262,Manaslu and Annapurna Trek with Tilicho Lake ,1499,25,4,5416.0,Guesthouse,Spring/Autumn/Winter,2020-03-17,2,26,1,1,1300000,4,0,0,0,0,2017,6160,Poland,9,0.9502423224335123,0.15348612097543765,135400.0,14.077875591662238,8.597297435657898
263,Manaslu and Annapurna Trek with Tilicho Lake ,1499,25,4,5416.0,Guesthouse,Spring/Autumn/Winter,2020-05-18,3,34,1,1,1300000,3,0,1,0,0,2016,3840,Court Jiboire,9,0.9502423224335123,0.15348612097543765,135400.0,14.077875591662238,8.597297435657898
264,Manaslu and Annapurna Trek with Tilicho Lake ,1499,25,4,5416.0,Guesthouse,Spring/Autumn/Winter,2021-04-18,1,31,0,0,300000,4,0,0,0,0,2017,3000,Greece,9,-1.7408503041481982,0.15348612097543765,135400.0,12.611541086966115,8.597297435657898
265,Manaslu and Annapurna Trek with Tilicho Lake ,1499,25,4,5416.0,Guesthouse,Spring/Autumn/Winter,2022-05-05,2,28,1,1,800000,6,0,0,0,0,2016,520,Barbados,9,-0.39530399085734297,0.15348612097543765,135400.0,13.592368256649284,8.597297435657898
266,Manaslu and Annapurna Trek with Tilicho Lake ,1499,25,4,5416.0,Guesthouse,Spring/Autumn/Winter,2023-08-03,3,25,1,0,1700000,3,0,1,0,1,2016,7030,Slovakia,9,2.0266793730661963,0.15348612097543765,135400.0,14.346139397261565,8.597297435657898
267,Mardi Himal Trek,590,9,1,4500.0,Guesthouse,Spring/Autumn/Winter,2020-05-25,0,28,1,1,1250000,6,0,0,0,0,2016,1200,Cameroon,10,0.8156876911044267,-1.7206646929795533,40500.0,14.038654909278163,8.412054873292933
268,Mardi Himal Trek,590,9,1,4500.0,Guesthouse,Spring/Autumn/Winter,2021-05-04,2,28,1,1,1200000,5,1,0,0,0,2016,7640,Thailand,10,0.6811330597753412,-1.7206646929795533,40500.0,13.997832948091215,8.412054873292933
269,Mardi Himal Trek,590,9,1,4500.0,Guesthouse,Spring/Autumn/Winter,2022-09-06,1,31,1,1,1250000,6,0,1,0,1,2017,6880,Serbia,10,0.8156876911044267,-1.7206646929795533,40500.0,14.038654909278163,8.412054873292933
270,Mardi Himal Trek,850,9,1,4200.0,Guesthouse,Spring/Autumn,2021-12-31,2,33,0,1,1000000,4,0,0,0,0,2017,7060,Somalia,10,0.1429145344589991,-1.1846039541145394,37800.0,13.815511557963774,8.343077871169383
271,Mardi Himal Trek,850,9,1,4200.0,Guesthouse,Spring/Autumn,2022-09-04,2,26,1,1,1250000,5,0,0,0,0,2016,1560,China,10,0.8156876911044267,-1.1846039541145394,37800.0,14.038654909278163,8.343077871169383
272,Mardi Himal Trek,850,9,1,4200.0,Guesthouse,Spring/Autumn,2020-01-28,0,25,1,0,1150000,4,0,0,0,1,2016,4580,Malaysia,10,0.5465784284462557,-1.1846039541145394,37800.0,13.955273369904273,8.343077871169383
273,Mardi Himal Trek,590,9,1,4500.0,Guesthouse,Spring/Autumn/Winter,2021-05-09,1,32,0,1,350000,6,1,0,0,0,2017,3680,Iraq,10,-1.6062956728191127,-1.7206646929795533,40500.0,12.765691290604371,8.412054873292933
274,Mardi Himal Trek,590,9,1,4500.0,Guesthouse,Spring/Autumn/Winter,2023-04-05,1,33,0,1,650000,5,1,0,0,1,2016,4380,Liechtenstein,10,-0.7989678848445995,-1.7206646929795533,40500.0,13.384729180332174,8.412054873292933
275,Mardi Himal Trek,850,9,1,4200.0,Guesthouse,Spring/Autumn,2022-04-15,3,28,0,1,300000,4,1,0,0,0,2017,4000,Jordan,10,-1.7408503041481982,-1.1846039541145394,37800.0,12.611541086966115,8.343077871169383
276,Mardi Himal Trek,850,9,1,4200.0,Guesthouse,Spring/Autumn,2022-06-16,0,28,1,1,800000,7,0,0,0,1,2017,640,Bhutan,10,-0.39530399085734297,-1.1846039541145394,37800.0,13.592368256649284,8.343077871169383
277,Mardi Himal Trekking,850,8,1,4200.0,Guesthouse,Spring/Autumn,2021-12-15,3,29,1,1,1050000,5,1,0,0,1,2017,680,Bolivia,10,0.2774691657880846,-1.1846039541145394,33600.0,13.864301674514206,8.343077871169383
278,Mardi Himal Trekking,850,8,1,4200.0,Guesthouse,Spring/Autumn,2023-08-01,0,28,1,1,800000,7,0,0,0,0,2017,7100,Republic of South Africa,10,-0.39530399085734297,-1.1846039541145394,33600.0,13.592368256649284,8.343077871169383
279,Mardi Himal Trekking,850,8,1,4200.0,Guesthouse,Spring/Autumn,2022-02-04,3,27,1,0,350000,7,0,0,0,0,2016,1580,Taiwan,10,-1.6062956728191127,-1.1846039541145394,33600.0,12.765691290604371,8.343077871169383
280,Mardi Himal Trekking,850,8,1,4200.0,Guesthouse,Spring/Autumn,2022-01-24,3,26,1,1,1400000,5,0,0,1,1,2016,4620,Maldives,10,1.2193515850916832,-1.1846039541145394,33600.0,14.151983508870947,8.343077871169383
281,Mardi Himal Trekking,850,8,1,4200.0,Guesthouse,Spring/Autumn,2022-04-11,3,28,1,1,1150000,5,0,0,0,0,2017,4040,Kenya,10,0.5465784284462557,-1.1846039541145394,33600.0,13.955273369904273,8.343077871169383
282,Mardi Himal Trek ,1499,10,2,3540.0,Guesthouse,Spring/Autumn/Winter,2021-01-23,3,27,1,0,800000,5,0,0,0,0,2016,2760,Germany,10,-0.39530399085734297,0.15348612097543765,35400.0,13.592368256649284,8.172164452111904
283,Mardi Himal Trek ,1499,10,2,3540.0,Guesthouse,Spring/Autumn/Winter,2022-05-10,3,26,1,1,1400000,6,0,0,1,1,2017,5040,Morocco,10,1.2193515850916832,0.15348612097543765,35400.0,14.151983508870947,8.172164452111904
284,Mardi Himal Trek ,1499,10,2,3540.0,Guesthouse,Spring/Autumn/Winter,2021-11-27,3,25,1,1,1400000,5,0,1,1,1,2017,8600,Uzbekistan,10,1.2193515850916832,0.15348612097543765,35400.0,14.151983508870947,8.172164452111904
285,Mardi Himal Trek ,1499,10,2,3540.0,Guesthouse,Spring/Autumn/Winter,2020-11-03,1,35,0,1,1100000,5,0,0,0,0,2017,2030,Czech Republic,10,0.41202379711717013,0.15348612097543765,35400.0,13.910821646859095,8.172164452111904
286,Mardi Himal Trek ,1499,10,2,3540.0,Guesthouse,Spring/Autumn/Winter,2021-07-09,2,28,1,1,1250000,7,0,0,0,0,2016,6000,Paraguay,10,0.8156876911044267,0.15348612097543765,35400.0,14.038654909278163,8.172164452111904
302,Nepal Trekking and Everest Himalaya Heli Tour ,1499,7,2,5545.0,Guesthouse,Spring/Autumn/Winter,2022-04-13,0,26,1,1,1500000,7,0,1,1,0,2016,560,Belgium,2,1.4884608477498542,0.15348612097543765,38815.0,14.220976332738882,8.620832226175724
303,Nepal Trekking and Everest Himalaya Heli Tour ,1499,7,2,5545.0,Guesthouse,Spring/Autumn/Winter,2021-12-02,2,34,0,1,1300000,4,0,0,0,0,2017,3080,Grenada,2,0.9502423224335123,0.15348612097543765,38815.0,14.077875591662238,8.620832226175724
304,Nepal Trekking and Everest Himalaya Heli Tour ,1499,7,2,5545.0,Guesthouse,Spring/Autumn/Winter,2020-09-20,0,31,1,1,1250000,4,0,0,0,0,2017,6200,Portugal,2,0.8156876911044267,0.15348612097543765,38815.0,14.038654909278163,8.620832226175724
305,Nepal Trekking and Everest Himalaya Heli Tour ,1499,7,2,5545.0,Guesthouse,Spring/Autumn/Winter,2022-02-21,0,28,0,1,300000,3,0,0,0,0,2016,7040,Vietnam,2,-1.7408503041481982,0.15348612097543765,38815.0,12.611541086966115,8.620832226175724
306,Nepal Trekking and Everest Himalaya Heli Tour ,1499,7,2,5545.0,Guesthouse,Spring/Autumn/Winter,2022-03-18,1,27,0,1,850000,4,0,0,0,0,2016,3880,Jamaica,2,-0.26074935952825745,0.15348612097543765,38815.0,13.652992804936396,8.620832226175724
307,Rara Lake Trek ,1499,15,2,3055.0,Guesthouse,Spring/Autumn/Winter,2022-05-29,1,34,1,1,1300000,6,0,1,0,0,2016,6200,Portugal,12,0.9502423224335123,0.15348612097543765,45825.0,14.077875591662238,8.024862150286411
308,Rara Lake Trek ,1499,15,2,3055.0,Guesthouse,Spring/Autumn/Winter,2022-07-28,2,29,1,1,1050000,3,0,0,0,0,2017,2140,dominican republic,12,0.2774691657880846,0.15348612097543765,45825.0,13.864301674514206,8.024862150286411
309,Rara Lake Trek ,1499,15,2,3055.0,Guesthouse,Spring/Autumn/Winter,2020-12-01,2,34,1,1,1000000,6,0,1,0,1,2016,3080,Grenada,12,0.1429145344589991,0.15348612097543765,45825.0,13.815511557963774,8.024862150286411
310,Rara Lake Trek ,1499,15,2,3055.0,Guesthouse,Spring/Autumn/Winter,2020-04-03,1,30,1,0,1450000,5,0,1,1,1,2017,8940,Zambia,12,1.3539062164207687,0.15348612097543765,45825.0,14.187074804051692,8.024862150286411
311,Rara Lake Trek ,1499,15,2,3055.0,Guesthouse,Spring/Autumn/Winter,2022-01-21,2,29,1,1,500000,3,1,0,0,1,2017,5200,Naure,12,-1.2026317788318561,0.15348612097543765,45825.0,13.122365377402328,8.024862150286411
312,Short Annapurna Trek,590,5,1,1990.0,Lodge,Spring/Autumn/Winter,2022-01-13,0,35,1,0,800000,4,0,0,1,0,2017,1000,Bulgaria,1,-0.39530399085734297,-1.7206646929795533,9950.0,13.592368256649284,7.596392304064196
313,Short Annapurna Trek,590,5,1,1990.0,Lodge,Spring/Autumn/Winter,2022-01-19,2,26,1,1,450000,5,1,0,0,1,2017,7520,Sweden,1,-1.3371864101609416,-1.7206646929795533,9950.0,13.017005083966255,7.596392304064196
314,Short Annapurna Trek,590,5,1,1990.0,Lodge,Spring/Autumn/Winter,2020-02-29,3,27,0,1,1050000,3,0,1,0,1,2016,1910,Croatia,1,0.2774691657880846,-1.7206646929795533,9950.0,13.864301674514206,7.596392304064196
315,Short Annapurna Trek,590,5,1,1990.0,Lodge,Spring/Autumn/Winter,2022-09-28,1,28,1,1,500000,3,0,0,0,0,2016,4960,Mongolia,1,-1.2026317788318561,-1.7206646929795533,9950.0,13.122365377402328,7.596392304064196
316,Short Annapurna Trek,590,5,1,1990.0,Lodge,Spring/Autumn/Winter,2020-07-15,1,29,0,1,600000,3,0,0,0,0,2017,4260,Lesot,1,-0.933522516173685,-1.7206646929795533,9950.0,13.304686600863562,7.596392304064196
317,Short Everest Trek,1060,7,1,3900.0,Guesthouse,Spring/Autumn,2022-06-28,1,28,1,1,1450000,6,1,1,1,1,2017,320,Argentina,2,1.3539062164207687,-0.7516318188774128,27300.0,14.187074804051692,8.268988209506656
333,Tenzing Hillary Everest Marathon ,1499,20,4,5545.0,Guesthouse,Spring/Autumn/Winter,2020-09-17,3,31,0,0,400000,4,1,0,0,0,2017,6340,Qatar,2,-1.4717410414900272,0.15348612097543765,110900.0,12.899222326086994,8.620832226175724
334,Tenzing Hillary Everest Marathon ,1499,20,4,5545.0,Guesthouse,Spring/Autumn/Winter,2022-09-10,1,32,0,1,800000,7,1,0,0,0,2016,7100,Republic of South Africa,2,-0.39530399085734297,0.15348612097543765,110900.0,13.592368256649284,8.620832226175724
335,Tenzing Hillary Everest Marathon ,1499,20,4,5545.0,Guesthouse,Spring/Autumn/Winter,2022-10-13,0,28,1,1,750000,7,0,1,0,0,2017,3280,Gaiana,2,-0.5298586221864284,0.15348612097543765,110900.0,13.527829818844937,8.620832226175724
336,Tenzing Hillary Everest Marathon ,1499,20,4,5545.0,Guesthouse,Spring/Autumn/Winter,2020-12-30,2,28,1,1,550000,5,0,0,0,0,2016,4040,Kenya,2,-1.0680771475027706,0.15348612097543765,110900.0,13.217675375388819,8.620832226175724
337,Tenzing Hillary Everest Marathon ,1499,20,4,5545.0,Guesthouse,Spring/Autumn/Winter,2022-10-21,3,28,1,1,1200000,6,1,0,0,0,2016,700,Bosnia Herzegovna,2,0.6811330597753412,0.15348612097543765,110900.0,13.997832948091215,8.620832226175724
348,Tsum Valley and Manaslu Trek ,1499,27,4,4460.0,Guesthouse,Spring/Autumn/Winter,2020-09-08,2,29,1,1,500000,6,0,0,0,1,2017,5850,Palao,9,-1.2026317788318561,0.15348612097543765,120420.0,13.122365377402328,8.403128235128264
349,Tsum Valley and Manaslu Trek ,1499,27,4,4460.0,Guesthouse,Spring/Autumn/Winter,2022-05-15,2,34,1,1,1000000,5,0,1,0,0,2016,6780,Santa Principa,9,0.1429145344589991,0.15348612097543765,120420.0,13.815511557963774,8.403128235128264
350,Tsum Valley and Manaslu Trek ,1499,27,4,4460.0,Guesthouse,Spring/Autumn/Winter,2021-12-16,1,28,1,1,750000,3,0,0,0,1,2016,3560,India,9,-0.5298586221864284,0.15348612097543765,120420.0,13.527829818844937,8.403128235128264
351,Tsum Valley and Manaslu Trek ,1499,27,4,4460.0,Guesthouse,Spring/Autumn/Winter,2022-11-23,0,28,1,1,1200000,5,1,1,0,0,2016,320,Argentina,9,0.6811330597753412,0.15348612097543765,120420.0,13.997832948091215,8.403128235128264
352,Tsum Valley and Manaslu Trek ,1499,27,4,4460.0,Guesthouse,Spring/Autumn/Winter,2020-03-04,0,28,1,1,800000,4,0,1,0,0,2017,2620,Jibuti,9,-0.39530399085734297,0.15348612097543765,120420.0,13.592368256649284,8.403128235128264
353,Tsum Valley with Manaslu Trek,1850,20,5,5220.0,Guesthouse,Spring/Autumn,2023-07-07,0,26,1,1,600000,4,0,1,0,0,2017,1120,Belarus,9,-0.933522516173685,0.8771681184432064,104400.0,13.304686600863562,8.560444233410552
354,Tsum Valley with Manaslu Trek,1850,20,5,5220.0,Guesthouse,Spring/Autumn,2023-05-15,3,34,1,1,1000000,6,1,0,0,1,2016,2030,Czech Republic,9,0.1429145344589991,0.8771681184432064,104400.0,13.815511557963774,8.560444233410552
355,Tsum Valley with Manaslu Trek,1850,20,5,5220.0,Guesthouse,Spring/Autumn,2023-07-13,1,34,1,1,1050000,6,0,0,0,1,2017,7620,Tajikistan,9,0.2774691657880846,0.8771681184432064,104400.0,13.864301674514206,8.560444233410552
356,Tsum Valley with Manaslu Trek,1850,20,5,5220.0,Guesthouse,Spring/Autumn,2023-06-10,0,29,1,1,500000,3,1,0,0,0,2017,4340,Libya,9,-1.2026317788318561,0.8771681184432064,104400.0,13.122365377402328,8.560444233410552
357,Tsum Valley with Manaslu Trek,1850,20,5,5220.0,Guesthouse,Spring/Autumn,2020-12-04,0,28,0,1,300000,5,0,0,0,0,2016,5040,Morocco,9,-1.7408503041481982,0.8771681184432064,104400.0,12.611541086966115,8.560444233410552
358,Upper Mustang Tiji Festival Trek,2150,18,1,4210.0,Teahouse,Spring/Autumn,2021-05-19,1,28,1,1,1400000,2,0,0,1,1,2016,2120,Dominica,13,1.2193515850916832,1.4956997402105303,75780.0,14.151983508870947,8.345455428161928
359,Upper Mustang Tiji Festival Trek,2150,18,1,4210.0,Teahouse,Spring/Autumn,2020-02-20,2,28,1,1,750000,3,0,0,0,0,2017,4420,Luxembourg,13,-0.5298586221864284,1.4956997402105303,75780.0,13.527829818844937,8.345455428161928
360,Upper Mustang Tiji Festival Trek,2150,18,1,4210.0,Teahouse,Spring/Autumn,2021-03-30,2,34,0,1,1300000,3,0,0,0,0,2016,5160,Namibia,13,0.9502423224335123,1.4956997402105303,75780.0,14.077875591662238,8.345455428161928
361,Upper Mustang Tiji Festival Trek,2150,18,1,4210.0,Teahouse,Spring/Autumn,2022-07-09,3,31,0,0,300000,4,0,0,0,0,2017,1240,Canada,13,-1.7408503041481982,1.4956997402105303,75780.0,12.611541086966115,8.345455428161928
362,Upper Mustang Tiji Festival Trek,2150,18,1,4210.0,Teahouse,Spring/Autumn,2023-03-05,1,26,1,1,1250000,4,0,0,0,0,2017,7760,Tonga,13,0.8156876911044267,1.4956997402105303,75780.0,14.038654909278163,8.345455428161928
363,Upper Mustang Trek,2100,17,3,4200.0,Guesthouse,Spring/Autumn/Winter,2022-04-08,3,26,1,1,1250000,4,1,0,1,0,2016,4340,Libya,13,0.8156876911044267,1.392611136582643,71400.0,14.038654909278163,8.343077871169383
364,Upper Mustang Trek,2150,17,1,4210.0,Guesthouse,Spring/Autumn,2023-07-26,1,28,0,1,300000,5,0,0,0,0,2016,2040,Benan,13,-1.7408503041481982,1.4956997402105303,71570.0,12.611541086966115,8.345455428161928
365,Upper Mustang Trek,2100,17,3,4200.0,Guesthouse,Spring/Autumn/Winter,2022-09-09,1,27,1,0,1550000,6,0,1,0,1,2016,7620,Tajikistan,13,1.6230154790789397,1.392611136582643,71400.0,14.253766134056512,8.343077871169383
366,Upper Mustang Trek,2100,17,3,4200.0,Guesthouse,Spring/Autumn/Winter,2022-03-13,2,31,0,1,1200000,5,1,0,0,0,2016,1160,Cambodia,13,0.6811330597753412,1.392611136582643,71400.0,13.997832948091215,8.343077871169383
367,Upper Mustang Trek,2100,17,3,4200.0,Guesthouse,Spring/Autumn/Winter,2021-09-03,0,34,1,0,950000,4,0,1,0,1,2017,3640,Iran,13,0.008359903129913596,1.392611136582643,71400.0,13.76421831620775,8.343077871169383
368,Upper Mustang Trek,2150,17,1,4210.0,Guesthouse,Spring/Autumn,2023-02-01,1,31,1,1,1250000,4,0,0,0,0,2016,5080,Mozambique,13,0.8156876911044267,1.4956997402105303,71570.0,14.038654909278163,8.345455428161928
369,Upper Mustang Trek,2150,17,1,4210.0,Guesthouse,Spring/Autumn,2020-10-14,0,31,1,1,900000,3,0,0,0,0,2017,1160,Cambodia,13,-0.1261947281991719,1.4956997402105303,71570.0,13.710151153416941,8.345455428161928
370,Upper Mustang Trek,2150,17,1,4210.0,Guesthouse,Spring/Autumn,2022-05-10,1,28,1,1,1250000,5,0,0,0,0,2017,7640,Thailand,13,0.8156876911044267,1.4956997402105303,71570.0,14.038654909278163,8.345455428161928
371,Upper Mustang Trek,2150,17,1,4210.0,Guesthouse,Spring/Autumn,2023-04-19,2,26,1,1,1400000,5,0,0,1,1,2017,4380,Liechtenstein,13,1.2193515850916832,1.4956997402105303,71570.0,14.151983508870947,8.345455428161928
372,Upper Mustang Trek,2100,17,3,4200.0,Guesthouse,Spring/Autumn/Winter,2022-10-14,0,28,1,1,600000,3,1,0,0,0,2017,6860,Senegal,13,-0.933522516173685,1.392611136582643,71400.0,13.304686600863562,8.343077871169383
373,Upper Mustang Trek with Yara,2300,18,1,4200.0,Lodge,,2020-02-01,2,28,1,1,1150000,5,0,0,0,0,2016,5120,Oman,13,0.5465784284462557,1.8049655510941922,75600.0,13.955273369904273,8.343077871169383
374,Upper Mustang Trek with Yara,2300,18,1,4200.0,Lodge,,2022-07-23,3,30,1,0,550000,6,0,1,1,0,2017,1200,Cameroon,13,-1.0680771475027706,1.8049655510941922,75600.0,13.217675375388819,8.343077871169383
375,Upper Mustang Trek with Yara,2300,18,1,4200.0,Lodge,,2023-03-17,3,29,1,1,1350000,5,1,0,1,1,2016,2080,Denmark,13,1.0847969537625977,1.8049655510941922,75600.0,14.115615891155079,8.343077871169383
376,Upper Mustang Trek with Yara,2300,18,1,4200.0,Lodge,,2022-09-12,0,32,0,1,350000,6,0,0,0,0,2017,7680,Togo,13,-1.6062956728191127,1.8049655510941922,75600.0,12.765691290604371,8.343077871169383
377,Upper Mustang Trek with Yara,2300,18,1,4200.0,Lodge,,2020-02-29,1,28,1,1,1150000,3,0,0,0,0,2017,4400,Lithuania,13,0.5465784284462557,1.8049655510941922,75600.0,13.955273369904273,8.343077871169383
378,Upper Mustang Trek ,1499,17,3,3870.0,Guesthouse,Spring/Autumn/Winter,2022-05-22,2,31,0,1,1500000,4,1,1,1,1,2017,4960,Mongolia,13,1.4884608477498542,0.15348612097543765,65790.0,14.220976332738882,8.261268150577648
379,Upper Mustang Trek ,1499,17,3,3870.0,Guesthouse,Spring/Autumn/Winter,2021-09-29,0,27,1,0,800000,7,1,0,0,0,2016,5860,Pakistan,13,-0.39530399085734297,0.15348612097543765,65790.0,13.592368256649284,8.261268150577648
380,Upper Mustang Trek ,1499,17,3,3870.0,Guesthouse,Spring/Autumn/Winter,2022-03-23,1,25,1,1,1400000,7,0,0,1,1,2017,1910,Croatia,13,1.2193515850916832,0.15348612097543765,65790.0,14.151983508870947,8.261268150577648
381,Upper Mustang Trek ,1499,17,3,3870.0,Guesthouse,Spring/Autumn/Winter,2023-03-12,2,28,1,1,800000,4,1,0,1,0,2017,8400,united states of america,13,-0.39530399085734297,0.15348612097543765,65790.0,13.592368256649284,8.261268150577648
382,Upper Mustang Trek ,1499,17,3,3870.0,Guesthouse,Spring/Autumn/Winter,2021-10-13,3,31,0,1,400000,5,0,0,0,0,2016,2660,Gabon,13,-1.4717410414900272,0.15348612097543765,65790.0,12.899222326086994,8.261268150577648
